designator,family,depth_in,flange_in,mil,t_design_in,Fy_avail,A,wt_plf,Ix,Sx,rx,Iy,ry,J,Cw,xo_in,m_in,ro_in,beta,Lu_in,Ixe_33,Ixe_50,Ma_asd_33,Ma_asd_50,Ma_dist_asd_kipin_33,Ma_dist_asd_kipin_50,Sxe_33,Sxe_50,Va_asd_lb_33,Va_asd_lb_50,Va_net_asd_lb_33,Va_net_asd_lb_50
087F125-18,F,0.87,1.25,18,0.0188,33,0.072,0.244,0.009,,0.354,0.035,0.698,,,,,,,,0.008,,0.31932,,,,0.016,,255.0,,,
087F125-27,F,0.87,1.25,27,0.0283,33,0.107,0.365,0.013,,0.351,0.051,0.693,,,,,,,,0.013,,0.5424000000000001,,,,0.027,,381.0,,,
087F125-30,F,0.87,1.25,30,0.0312,33,0.118,0.401,0.014,,0.35,0.056,0.691,,,,,,,,0.014,,0.61176,,,,0.031,,420.0,,,
087F125-33,F,0.87,1.25,33,0.0346,33,0.13,0.443,0.016,,0.349,0.062,0.689,,,,,,,,0.016,,0.67476,,,,0.034,,464.0,,,
087F125-43,F,0.87,1.25,43,0.0451,33,0.168,0.572,0.02,,0.345,0.079,0.684,,,,,,,,0.02,,0.852,,,,0.043,,599.0,,,
150F125-18,F,1.5,1.25,18,0.0188,33,0.095,0.324,0.031,,0.572,0.052,0.742,,,,,,,,0.029,,0.68076,,,,0.034,,261.0,,,
150F125-27,F,1.5,1.25,27,0.0283,33,0.143,0.485,0.046,,0.569,0.077,0.737,,,,,,,,0.046,,1.1306399999999999,,,,0.057,,390.0,,,
150F125-30,F,1.5,1.25,30,0.0312,33,0.157,0.534,0.051,,0.568,0.085,0.735,,,,,,,,0.05,,1.27104,,,,0.064,,429.0,,,
150F125-33,F,1.5,1.25,33,0.0346,33,0.174,0.59,0.056,,0.566,0.093,0.733,,,,,,,,0.056,,1.40772,,,,0.071,,474.0,,,
150F125-43,F,1.5,1.25,43,0.0451,33,0.225,0.764,0.071,,0.563,0.119,0.728,,,,,,,,0.071,,1.7963999999999998,,,,0.091,,613.0,,,
162S125-18,S,1.62,1.25,18,0.0188,33,0.08,0.27,0.038,0.046,0.686,0.016,0.447,8.999999999999999e-06,0.009,-1.029,0.594,1.315,0.388,29.0,0.034,,0.62,,0.58,,0.031,,302.0,,100.0,
162S125-27,S,1.62,1.25,27,0.0283,33,0.12,0.41,0.056,0.069,0.682,0.023,0.443,3.2e-05,0.013,-1.018,0.587,1.303,0.39,29.1,0.055,,1.05,,0.99,,0.053,,494.0,,106.0,
162S125-30,S,1.62,1.25,30,0.0312,33,0.132,0.45,0.061,0.075,0.681,0.026,0.441,4.2999999999999995e-05,0.014,-1.014,0.585,1.299,0.39,29.2,0.06,,1.2,,1.13,,0.061,,543.0,,106.0,
162S125-33,S,1.62,1.25,33,0.0346,33,0.145,0.49,0.067,0.083,0.679,0.028,0.44,5.8e-05,0.016,-1.01,0.583,1.294,0.391,29.3,0.066,,1.38,,1.28,,0.07,,601.0,,105.0,
250S125-18,S,2.5,1.25,18,0.0188,33,0.097,0.33,0.099,0.079,1.014,0.019,0.439,1.1e-05,0.023,-0.904,0.543,1.428,0.599,29.0,0.09,,1.14,,0.93,,0.058,,258.0,,196.0,
250S125-27,S,2.5,1.25,27,0.0283,33,0.144,0.49,0.147,0.118,1.009,0.027,0.434,3.9e-05,0.034,-0.893,0.537,1.416,0.602,28.9,0.145,,1.89,,1.61,,0.096,,685.0,,354.0,
250S125-30,S,2.5,1.25,30,0.0312,33,0.159,0.54,0.161,0.129,1.008,0.03,0.433,5.2e-05,0.037,-0.89,0.535,1.413,0.603,28.9,0.159,,2.14,,1.84,,0.108,,833.0,,378.0,
250S125-33,S,2.5,1.25,33,0.0346,33,0.176,0.6,0.178,0.142,1.007,0.033,0.431,7.000000000000001e-05,0.04,-0.886,0.532,1.409,0.604,28.9,0.175,,2.45,,2.11,,0.124,,975.0,,399.0,
250S125-43,S,2.5,1.25,43,0.0451,33,0.227,0.77,0.228,0.182,1.002,0.041,0.427,0.000154,0.05,-0.874,0.526,1.396,0.608,28.9,0.226,,3.47,,3.0,,0.181,,1266.0,,394.0,
250S125-54,S,2.5,1.25,54,0.0566,33,0.28,0.95,0.277,0.222,0.994,0.049,0.419,0.000299,0.06,-0.859,0.518,1.379,0.612,26.8,0.277,,4.27,,3.99,,0.22,,1553.0,,373.0,
250S137-33,S,2.5,1.37,33,0.0346,33,0.197,0.67,0.203,0.163,1.015,0.052,0.515,7.9e-05,0.076,-1.141,0.677,1.612,0.499,35.6,0.203,,3.09,,2.91,,0.157,,975.0,,399.0,
250S137-43,S,2.5,1.37,43,0.0451,33,0.255,0.87,0.261,0.208,1.011,0.067,0.511,0.00017299999999999998,0.096,-1.129,0.67,1.599,0.501,33.6,0.261,,4.25,,4.14,,0.207,,1266.0,,394.0,
250S137-54,S,2.5,1.37,54,0.0566,33/50,0.316,1.07,0.318,0.255,1.004,0.08,0.504,0.000337,0.115,-1.115,0.663,1.583,0.504,27.1,0.318,0.318,5.72,7.38,5.71,7.09,0.253,0.246,1553.0,2353.0,373.0,565.0
250S137-68,S,2.5,1.37,68,0.0713,50,0.39,1.33,0.386,0.309,0.995,0.096,0.495,0.000661,0.138,-1.096,0.653,1.561,0.507,26.8,,0.386,,10.62,,10.22,,0.307,,2866.0,,519.0
250S162-33,S,2.5,1.62,33,0.0346,33,0.223,0.76,0.235,0.188,1.027,0.087,0.624,8.9e-05,0.146,-1.47,0.859,1.898,0.401,44.1,0.235,,3.54,,3.41,,0.179,,975.0,,399.0,
250S162-43,S,2.5,1.62,43,0.0451,33,0.289,0.98,0.302,0.242,1.022,0.111,0.62,0.00019600000000000002,0.184,-1.457,0.852,1.885,0.402,42.1,0.302,,5.15,,5.01,,0.24,,1266.0,,394.0,
250S162-54,S,2.5,1.62,54,0.0566,33/50,0.358,1.22,0.37,0.296,1.016,0.135,0.613,0.000383,0.223,-1.443,0.845,1.868,0.404,33.9,0.37,0.37,6.53,8.6,6.53,8.32,0.294,0.287,1553.0,2353.0,373.0,565.0
250S162-68,S,2.5,1.62,68,0.0713,50,0.443,1.51,0.45,0.36,1.008,0.162,0.605,0.000752,0.268,-1.424,0.835,1.847,0.405,33.7,,0.451,,11.97,,11.73,,0.358,,2866.0,,519.0
350S125-18,S,3.5,1.25,18,0.0188,33,0.115,0.39,0.215,0.123,1.366,0.021,0.423,1.4e-05,0.05,-0.798,0.495,1.638,0.763,28.8,0.202,,1.48,,1.34,,0.075,,180.0,,159.0,
350S125-27,S,3.5,1.25,27,0.0283,33,0.173,0.59,0.32,0.183,1.361,0.03,0.419,4.6e-05,0.073,-0.788,0.489,1.627,0.766,28.7,0.315,,2.67,,2.37,,0.135,,614.0,,359.0,
350S125-30,S,3.5,1.25,30,0.0312,33,0.19,0.65,0.351,0.201,1.36,0.033,0.417,6.2e-05,0.079,-0.784,0.488,1.624,0.767,28.6,0.346,,3.08,,2.71,,0.156,,824.0,,435.0,
350S125-33,S,3.5,1.25,33,0.0346,33,0.21,0.72,0.388,0.222,1.358,0.036,0.416,8.400000000000001e-05,0.087,-0.781,0.485,1.621,0.768,28.6,0.382,,3.58,,3.13,,0.181,,1024.0,,487.0,
350S125-43,S,3.5,1.25,43,0.0451,33,0.272,0.93,0.498,0.284,1.352,0.046,0.411,0.000185,0.109,-0.769,0.479,1.609,0.771,28.5,0.494,,5.25,,4.51,,0.265,,1740.0,,631.0,
350S125-54,S,3.5,1.25,54,0.0566,33,0.337,1.15,0.609,0.348,1.344,0.055,0.403,0.00035999999999999997,0.131,-0.755,0.472,1.593,0.775,28.4,0.609,,6.57,,6.08,,0.332,,2253.0,,633.0,
350S162-33,S,3.5,1.62,33,0.0346,33,0.258,0.88,0.508,0.291,1.404,0.098,0.617,0.000103,0.277,-1.324,0.796,2.026,0.573,42.7,0.508,,5.22,,4.99,,0.264,,1024.0,,487.0,
350S162-43,S,3.5,1.62,43,0.0451,33,0.334,1.14,0.655,0.374,1.4,0.125,0.612,0.00022700000000000002,0.35,-1.312,0.789,2.014,0.575,42.6,0.655,,7.18,,6.68,,0.364,,1740.0,,631.0,
350S162-54,S,3.5,1.62,54,0.0566,33/50,0.415,1.41,0.805,0.46,1.393,0.152,0.606,0.000443,0.426,-1.298,0.782,1.998,0.578,34.5,0.805,0.805,10.01,13.02,9.82,12.35,0.451,0.435,2253.0,3372.0,633.0,947.0
350S162-68,S,3.5,1.62,68,0.0713,50,0.515,1.75,0.985,0.563,1.383,0.184,0.597,0.0008719999999999999,0.514,-1.28,0.772,1.977,0.581,34.5,,0.985,,18.26,,17.49,,0.551,,4203.0,,897.0
350S162-97,S,3.5,1.62,97,0.1017,50,0.711,2.42,1.321,0.755,1.363,0.238,0.579,0.0024519999999999998,0.672,-1.242,0.752,1.932,0.587,34.7,,1.322,,26.22,,26.15,,0.739,,5705.0,,775.0
350S200-43,S,3.5,2.0,43,0.0451,33,0.379,1.29,0.771,0.441,1.426,0.224,0.768,0.000257,0.687,-1.748,1.032,2.383,0.462,53.7,0.771,,8.25,,8.08,,0.418,,1740.0,,631.0,
350S200-54,S,3.5,2.0,54,0.0566,33/50,0.471,1.6,0.95,0.543,1.42,0.274,0.762,0.000503,0.838,-1.733,1.024,2.367,0.464,43.5,0.95,0.95,11.62,14.4,11.37,14.26,0.534,0.481,2253.0,3372.0,633.0,947.0
350S200-68,S,3.5,2.0,68,0.0713,50,0.586,1.99,1.167,0.667,1.411,0.333,0.754,0.000993,1.018,-1.715,1.014,2.345,0.465,43.5,,1.168,,19.25,,18.87,,0.643,,4203.0,,897.0
350S200-97,S,3.5,2.0,97,0.1017,50,0.813,2.77,1.577,0.901,1.393,0.44,0.736,0.002803,1.347,-1.676,0.994,2.3,0.469,43.9,,1.578,,30.55,,30.35,,0.886,,5705.0,,775.0
362S125-18,S,3.62,1.25,18,0.0188,33,0.118,0.4,0.234,0.129,1.409,0.021,0.421,1.4e-05,0.054,-0.786,0.49,1.667,0.778,28.8,0.22,,1.54,,1.39,,0.078,,173.0,,163.0,
362S125-27,S,3.62,1.25,27,0.0283,33,0.176,0.6,0.347,0.192,1.404,0.031,0.416,4.7e-05,0.079,-0.776,0.484,1.657,0.781,28.6,0.342,,2.78,,2.47,,0.141,,592.0,,370.0,
362S125-30,S,3.62,1.25,30,0.0312,33,0.194,0.66,0.381,0.21,1.402,0.033,0.415,6.3e-05,0.086,-0.773,0.482,1.654,0.782,28.6,0.376,,3.21,,2.83,,0.162,,793.0,,449.0,
362S125-33,S,3.62,1.25,33,0.0346,33,0.215,0.73,0.421,0.232,1.401,0.037,0.413,8.599999999999999e-05,0.094,-0.77,0.48,1.651,0.783,28.5,0.415,,3.73,,3.26,,0.189,,1024.0,,521.0,
362S125-43,S,3.62,1.25,43,0.0451,33,0.278,0.95,0.541,0.298,1.395,0.046,0.408,0.000188,0.118,-0.758,0.474,1.64,0.786,28.4,0.537,,5.48,,4.71,,0.278,,1740.0,,676.0,
362S125-54,S,3.62,1.25,54,0.0566,33,0.344,1.17,0.661,0.365,1.386,0.055,0.401,0.000367,0.142,-0.744,0.466,1.624,0.79,28.3,0.661,,6.91,,6.36,,0.349,,2341.0,,705.0,
362S137-33,S,3.62,1.37,33,0.0346,33,0.236,0.8,0.479,0.264,1.424,0.059,0.501,9.4e-05,0.165,-1.003,0.615,1.813,0.694,34.7,0.479,,4.73,,4.45,,0.239,,1024.0,,521.0,
362S137-43,S,3.62,1.37,43,0.0451,33,0.306,1.04,0.616,0.34,1.419,0.075,0.497,0.000207,0.208,-0.991,0.608,1.801,0.697,34.6,0.616,,6.48,,6.2,,0.328,,1740.0,,676.0,
362S137-54,S,3.62,1.37,54,0.0566,33/50,0.379,1.29,0.756,0.417,1.412,0.091,0.49,0.00040500000000000003,0.251,-0.978,0.601,1.786,0.7,27.9,0.756,0.756,8.87,11.73,8.44,11.05,0.408,0.392,2341.0,3372.0,705.0,1016.0
362S137-68,S,3.62,1.37,68,0.0713,50,0.47,1.6,0.923,0.509,1.401,0.109,0.481,0.0007970000000000001,0.302,-0.959,0.592,1.765,0.704,27.8,,0.923,,17.23,,16.15,,0.498,,4370.0,,1004.0
362S162-33,S,3.62,1.62,33,0.0346,33,0.262,0.89,0.551,0.304,1.45,0.099,0.616,0.00010499999999999999,0.297,-1.308,0.789,2.048,0.592,42.6,0.551,,5.44,,5.2,,0.275,,1024.0,,521.0,
362S162-43,S,3.62,1.62,43,0.0451,33,0.34,1.16,0.71,0.392,1.445,0.127,0.611,0.00023,0.376,-1.297,0.782,2.036,0.594,42.5,0.71,,7.5,,7.0,,0.38,,1740.0,,676.0,
362S162-54,S,3.62,1.62,54,0.0566,33/50,0.422,1.44,0.873,0.482,1.438,0.154,0.605,0.000451,0.457,-1.283,0.774,2.02,0.597,34.4,0.873,0.873,10.27,13.6,9.94,12.87,0.473,0.454,2341.0,3372.0,705.0,1016.0
362S162-68,S,3.62,1.62,68,0.0713,50,0.524,1.78,1.069,0.59,1.429,0.186,0.596,0.000887,0.552,-1.264,0.765,1.999,0.6,34.4,,1.069,,19.16,,18.24,,0.579,,4370.0,,1004.0
362S162-97,S,3.62,1.62,97,0.1017,50,0.724,2.46,1.436,0.792,1.408,0.241,0.577,0.002496,0.723,-1.226,0.745,1.954,0.606,34.5,,1.437,,27.56,,27.47,,0.777,,5943.0,,875.0
362S200-33,S,3.62,2.0,33,0.0346,33,0.297,1.01,0.648,0.358,1.478,0.177,0.772,0.000118,0.577,-1.741,1.03,2.411,0.478,53.6,0.646,,5.96,,5.98,,0.301,,1024.0,,521.0,
362S200-43,S,3.62,2.0,43,0.0451,33,0.385,1.31,0.836,0.461,1.474,0.227,0.767,0.000261,0.734,-1.729,1.024,2.398,0.48,53.5,0.836,,8.62,,8.41,,0.436,,1740.0,,676.0,
362S200-54,S,3.62,2.0,54,0.0566,33/50,0.479,1.63,1.03,0.568,1.467,0.277,0.761,0.0005110000000000001,0.896,-1.715,1.016,2.382,0.482,43.3,1.03,1.03,12.16,15.03,11.87,14.84,0.56,0.502,2341.0,3372.0,705.0,1016.0
362S200-68,S,3.62,2.0,68,0.0713,50,0.595,2.02,1.266,0.698,1.458,0.337,0.753,0.001008,1.089,-1.696,1.006,2.36,0.484,43.3,,1.266,,20.18,,19.67,,0.674,,4370.0,,1004.0
362S200-97,S,3.62,2.0,97,0.1017,50,0.826,2.81,1.712,0.945,1.44,0.446,0.735,0.002847,1.441,-1.658,0.986,2.316,0.487,43.6,,1.713,,32.07,,31.84,,0.929,,5943.0,,875.0
362S250-43,S,3.62,2.5,43,0.0451,33,0.43,1.46,0.98,0.541,1.51,0.385,0.946,0.000292,1.23,-2.199,1.277,2.83,0.396,64.1,0.98,,9.07,,9.06,,0.459,,1740.0,,676.0,
362S250-54,S,3.62,2.5,54,0.0566,33/50,0.535,1.82,1.21,0.668,1.504,0.473,0.94,0.000571,1.506,-2.184,1.269,2.813,0.397,52.0,1.211,1.204,11.69,15.74,12.06,15.93,0.592,0.526,2341.0,3372.0,705.0,1016.0
362S250-68,S,3.62,2.5,68,0.0713,50,0.666,2.27,1.491,0.823,1.496,0.578,0.931,0.001129,1.837,-2.165,1.259,2.791,0.398,52.0,,1.491,,20.94,,22.3,,0.7,,4370.0,,1004.0
362S250-97,S,3.62,2.5,97,0.1017,50,0.927,3.16,2.028,1.119,1.479,0.773,0.913,0.003197,2.452,-2.126,1.239,2.746,0.401,52.5,,2.029,,31.71,,32.47,,1.059,,5943.0,,875.0
362S300-54,S,3.62,3.0,54,0.0566,33/50,0.592,2.01,1.391,0.767,1.533,0.734,1.114,0.000632,2.316,-2.659,1.522,3.265,0.337,60.2,1.383,1.311,12.19,16.18,12.82,16.75,0.617,0.54,2341.0,3372.0,705.0,1016.0
362S300-68,S,3.62,3.0,68,0.0713,50,0.738,2.51,1.716,0.947,1.525,0.9,1.105,0.00125,2.833,-2.64,1.512,3.243,0.337,60.4,,1.685,,21.74,,22.59,,0.726,,4370.0,,1004.0
362S300-97,S,3.62,3.0,97,0.1017,50,1.029,3.5,2.343,1.293,1.509,1.213,1.086,0.003548,3.803,-2.6,1.491,3.196,0.338,60.9,,2.325,,34.77,,35.1,,1.161,,5943.0,,875.0
400S125-18,S,4.0,1.25,18,0.0188,33,0.125,0.42,0.294,0.147,1.536,0.021,0.415,1.4999999999999999e-05,0.068,-0.755,0.475,1.761,0.816,28.7,0.279,,1.43,,1.29,,0.087,,156.0,,125.0,
400S125-27,S,4.0,1.25,27,0.0283,33,0.187,0.64,0.438,0.219,1.531,0.031,0.41,5e-05,0.098,-0.745,0.469,1.751,0.819,28.5,0.431,,3.12,,2.76,,0.158,,533.0,,398.0,
400S125-30,S,4.0,1.25,30,0.0312,33,0.206,0.7,0.481,0.24,1.529,0.034,0.409,6.7e-05,0.108,-0.742,0.467,1.748,0.82,28.5,0.474,,3.6,,3.16,,0.182,,715.0,,484.0,
400S125-33,S,4.0,1.25,33,0.0346,33,0.228,0.77,0.531,0.265,1.527,0.038,0.407,9.1e-05,0.118,-0.738,0.465,1.745,0.821,28.4,0.524,,4.2,,3.66,,0.213,,976.0,,595.0,
400S125-43,S,4.0,1.25,43,0.0451,33,0.295,1.0,0.682,0.341,1.522,0.048,0.402,0.0002,0.148,-0.727,0.459,1.734,0.824,28.2,0.678,,6.2,,5.31,,0.314,,1740.0,,810.0,
400S125-54,S,4.0,1.25,54,0.0566,33,0.365,1.24,0.836,0.418,1.512,0.057,0.394,0.00039,0.178,-0.713,0.452,1.718,0.828,28.1,0.836,,7.88,,7.19,,0.399,,2604.0,,944.0,
400S137-33,S,4.0,1.37,33,0.0346,33,0.249,0.85,0.603,0.302,1.556,0.061,0.496,9.900000000000001e-05,0.204,-0.965,0.597,1.897,0.741,34.5,0.603,,5.31,,4.98,,0.269,,976.0,,595.0,
400S137-43,S,4.0,1.37,43,0.0451,33,0.323,1.1,0.776,0.388,1.551,0.078,0.491,0.000219,0.257,-0.954,0.591,1.886,0.744,34.3,0.776,,7.32,,7.08,,0.371,,1740.0,,810.0,
400S137-54,S,4.0,1.37,54,0.0566,33/50,0.401,1.36,0.953,0.477,1.543,0.094,0.484,0.000428,0.311,-0.94,0.583,1.87,0.747,27.7,0.953,0.953,9.19,13.27,8.44,12.42,0.465,0.443,2604.0,3372.0,944.0,1223.0
400S137-68,S,4.0,1.37,68,0.0713,50,0.497,1.69,1.165,0.583,1.531,0.112,0.475,0.000842,0.375,-0.922,0.574,1.85,0.751,27.6,,1.166,,17.1,,15.28,,0.571,,4871.0,,1356.0
400S162-33,S,4.0,1.62,33,0.0346,33,0.275,0.94,0.692,0.346,1.586,0.103,0.611,0.00011,0.363,-1.263,0.768,2.118,0.644,42.3,0.692,,6.11,,5.81,,0.309,,976.0,,595.0,
400S162-43,S,4.0,1.62,43,0.0451,33,0.357,1.21,0.892,0.446,1.581,0.131,0.606,0.000242,0.46,-1.252,0.761,2.106,0.647,42.2,0.892,,8.47,,7.96,,0.428,,1740.0,,810.0,
400S162-54,S,4.0,1.62,54,0.0566,33/50,0.443,1.51,1.098,0.549,1.574,0.159,0.6,0.00047299999999999995,0.56,-1.238,0.754,2.09,0.649,34.1,1.098,1.098,10.62,15.35,9.86,14.44,0.538,0.513,2604.0,3372.0,944.0,1223.0
400S162-68,S,4.0,1.62,68,0.0713,50,0.55,1.87,1.346,0.673,1.564,0.192,0.591,0.000933,0.677,-1.22,0.745,2.069,0.653,34.0,,1.347,,19.81,,18.13,,0.662,,4871.0,,1356.0
400S162-97,S,4.0,1.62,97,0.1017,50,0.762,2.59,1.813,0.907,1.542,0.25,0.572,0.002628,0.889,-1.182,0.725,2.026,0.66,34.1,,1.815,,31.68,,31.53,,0.893,,6658.0,,1207.0
400S200-33,S,4.0,2.0,33,0.0346,33,0.31,1.05,0.812,0.406,1.619,0.183,0.769,0.000124,0.697,-1.688,1.007,2.462,0.53,53.1,0.81,,6.69,,6.67,,0.338,,976.0,,595.0,
400S200-43,S,4.0,2.0,43,0.0451,33,0.402,1.37,1.048,0.524,1.615,0.235,0.764,0.000272,0.886,-1.676,1.0,2.45,0.532,53.0,1.048,,9.71,,9.41,,0.491,,1740.0,,810.0,
400S200-54,S,4.0,2.0,54,0.0566,33/50,0.5,1.7,1.292,0.646,1.608,0.287,0.758,0.0005340000000000001,1.083,-1.662,0.993,2.433,0.534,42.9,1.292,1.292,12.54,16.94,11.67,16.61,0.635,0.566,2603.0,3372.0,944.0,1223.0
400S200-68,S,4.0,2.0,68,0.0713,50,0.622,2.12,1.59,0.795,1.599,0.349,0.75,0.001054,1.318,-1.643,0.983,2.412,0.536,42.9,,1.59,,22.96,,22.08,,0.767,,4871.0,,1356.0
400S200-97,S,4.0,2.0,97,0.1017,50,0.864,2.94,2.156,1.078,1.58,0.463,0.732,0.002978,1.749,-1.605,0.963,2.368,0.541,43.1,,2.157,,36.71,,36.38,,1.064,,6658.0,,1207.0
400S250-43,S,4.0,2.5,43,0.0451,33,0.447,1.52,1.224,0.612,1.655,0.399,0.945,0.000303,1.486,-2.139,1.252,2.865,0.443,63.7,1.224,,10.19,,10.09,,0.516,,1740.0,,810.0,
400S250-54,S,4.0,2.5,54,0.0566,33/50,0.556,1.89,1.512,0.756,1.649,0.49,0.938,0.000594,1.821,-2.124,1.244,2.848,0.444,51.6,1.512,1.505,13.19,17.71,13.47,17.74,0.668,0.592,2603.0,3372.0,944.0,1223.0
400S250-68,S,4.0,2.5,68,0.0713,50,0.693,2.36,1.865,0.932,1.64,0.599,0.929,0.001174,2.225,-2.105,1.235,2.826,0.445,51.6,,1.865,,23.75,,23.81,,0.793,,4871.0,,1356.0
400S250-97,S,4.0,2.5,97,0.1017,50,0.966,3.28,2.542,1.271,1.623,0.801,0.911,0.0033290000000000004,2.978,-2.066,1.214,2.781,0.448,51.9,,2.543,,36.1,,36.64,,1.206,,6658.0,,1207.0
400S300-54,S,4.0,3.0,54,0.0566,33/50,0.613,2.09,1.732,0.866,1.681,0.76,1.114,0.000655,2.802,-2.594,1.496,3.285,0.377,59.9,1.723,1.634,13.74,18.19,14.25,18.59,0.695,0.608,2603.0,3372.0,944.0,1223.0
400S300-68,S,4.0,3.0,68,0.0713,50,0.764,2.6,2.14,1.07,1.673,0.933,1.105,0.001295,3.432,-2.574,1.486,3.263,0.378,60.0,,2.099,,24.62,,25.13,,0.822,,4871.0,,1356.0
400S300-97,S,4.0,3.0,97,0.1017,50,1.067,3.63,2.928,1.464,1.656,1.259,1.086,0.003679,4.619,-2.535,1.465,3.217,0.379,60.3,,2.903,,39.46,,39.25,,1.318,,6658.0,,1207.0
550S125-18,S,5.5,1.25,18,0.0188,33,0.153,0.52,0.63,0.229,2.029,0.023,0.39,1.7999999999999997e-05,0.141,-0.651,0.423,2.166,0.91,28.2,0.537,,2.14,,1.77,,0.13,,112.0,,89.0,
550S125-27,S,5.5,1.25,27,0.0283,33,0.229,0.78,0.939,0.341,2.023,0.034,0.385,6.1e-05,0.205,-0.642,0.417,2.158,0.912,27.9,0.9,,4.7,,3.89,,0.238,,382.0,,382.0,
550S125-30,S,5.5,1.25,30,0.0312,33,0.252,0.86,1.032,0.375,2.022,0.037,0.384,8.2e-05,0.224,-0.639,0.416,2.155,0.912,27.9,0.999,,5.44,,4.49,,0.275,,512.0,,512.0,
550S125-33,S,5.5,1.25,33,0.0346,33,0.279,0.95,1.14,0.415,2.02,0.041,0.382,0.000112,0.246,-0.636,0.414,2.152,0.913,27.8,1.115,,6.35,,5.23,,0.321,,698.0,,698.0,
550S125-43,S,5.5,1.25,43,0.0451,33,0.362,1.23,1.469,0.534,2.013,0.052,0.377,0.000246,0.309,-0.626,0.408,2.142,0.915,27.6,1.46,,9.72,,7.71,,0.492,,1550.0,,1199.0,
550S125-54,S,5.5,1.25,54,0.0566,33,0.45,1.53,1.806,0.657,2.003,0.062,0.37,0.000481,0.374,-0.613,0.401,2.127,0.917,27.3,1.805,,12.66,,10.63,,0.641,,2740.0,,1666.0,
550S162-33,S,5.5,1.62,33,0.0346,33,0.327,1.11,1.459,0.53,2.112,0.113,0.589,0.00013000000000000002,0.713,-1.114,0.697,2.459,0.795,41.4,1.459,,10.03,,8.28,,0.508,,698.0,,698.0,
550S162-43,S,5.5,1.62,43,0.0451,33,0.424,1.44,1.884,0.685,2.107,0.145,0.584,0.00028799999999999995,0.905,-1.103,0.691,2.449,0.797,41.2,1.883,,14.44,,12.37,,0.68,,1550.0,,1199.0,
550S162-54,S,5.5,1.62,54,0.0566,33/50,0.528,1.8,2.325,0.845,2.098,0.176,0.577,0.0005639999999999999,1.105,-1.09,0.684,2.434,0.8,33.2,2.325,2.325,18.64,24.41,17.07,20.87,0.84,0.815,2740.0,3093.0,1666.0,1881.0
550S162-68,S,5.5,1.62,68,0.0713,50,0.657,2.24,2.862,1.041,2.087,0.212,0.569,0.0011140000000000002,1.342,-1.072,0.675,2.414,0.803,33.1,,2.862,,33.97,,29.87,,1.034,,5352.0,,2532.0
550S162-97,S,5.5,1.62,97,0.1017,50,0.915,3.11,3.887,1.414,2.062,0.276,0.55,0.003154,1.775,-1.037,0.656,2.372,0.809,32.8,,3.889,,49.79,,48.69,,1.404,,9518.0,,3026.0
550S200-33,S,5.5,2.0,33,0.0346,33,0.362,1.23,1.694,0.616,2.164,0.204,0.751,0.00014399999999999998,1.326,-1.508,0.925,2.743,0.698,51.9,1.68,,10.92,,9.49,,0.553,,698.0,,698.0,
550S200-43,S,5.5,2.0,43,0.0451,33,0.469,1.6,2.189,0.796,2.159,0.261,0.746,0.00031800000000000003,1.691,-1.496,0.918,2.731,0.7,51.7,2.189,,15.25,,13.5,,0.772,,1550.0,,1199.0,
550S200-54,S,5.5,2.0,54,0.0566,33/50,0.585,1.99,2.707,0.984,2.152,0.32,0.739,0.000624,2.072,-1.483,0.911,2.716,0.702,41.8,2.707,2.707,21.29,26.74,19.28,23.86,0.979,0.893,2740.0,3093.0,1666.0,1881.0
550S200-68,S,5.5,2.0,68,0.0713,50,0.729,2.48,3.341,1.215,2.141,0.389,0.731,0.0012350000000000002,2.531,-1.465,0.902,2.695,0.705,41.7,,3.341,,35.39,,32.07,,1.182,,5352.0,,2532.0
550S200-97,S,5.5,2.0,97,0.1017,50,1.016,3.46,4.565,1.66,2.119,0.516,0.713,0.003504,3.384,-1.428,0.882,2.653,0.71,41.5,,4.566,,56.92,,54.74,,1.65,,9518.0,,3026.0
600S125-18,S,6.0,1.25,18,0.0188,33,0.162,0.55,0.779,0.26,2.19,0.024,0.382,1.9e-05,0.172,-0.623,0.408,2.308,0.927,28.0,0.652,,2.35,,1.92,,0.142,,102.0,,82.0,
600S125-27,S,6.0,1.25,27,0.0283,33,0.243,0.83,1.161,0.387,2.184,0.035,0.378,6.500000000000001e-05,0.251,-0.614,0.403,2.3,0.929,27.7,1.1,,4.33,,3.54,,0.262,,349.0,,279.0,
600S125-30,S,6.0,1.25,30,0.0312,33,0.268,0.91,1.276,0.425,2.182,0.038,0.376,8.7e-05,0.274,-0.611,0.401,2.297,0.929,27.7,1.222,,6.0,,4.91,,0.304,,468.0,,468.0,
600S125-33,S,6.0,1.25,33,0.0346,33,0.297,1.01,1.41,0.47,2.18,0.042,0.375,0.000118,0.3,-0.608,0.399,2.294,0.93,27.6,1.366,,7.01,,5.73,,0.355,,638.0,,638.0,
600S125-43,S,6.0,1.25,43,0.0451,33,0.385,1.31,1.818,0.606,2.173,0.053,0.37,0.000261,0.379,-0.598,0.393,2.284,0.931,27.3,1.81,,10.75,,8.5,,0.544,,1415.0,,1240.0,
600S125-54,S,6.0,1.25,54,0.0566,33,0.479,1.63,2.237,0.746,2.162,0.063,0.362,0.0005110000000000001,0.457,-0.586,0.386,2.269,0.933,27.1,2.236,,14.24,,11.77,,0.72,,2740.0,,1890.0,
600S137-33,S,6.0,1.37,33,0.0346,33,0.318,1.08,1.583,0.528,2.23,0.069,0.464,0.000127,0.5,-0.807,0.519,2.416,0.889,33.5,1.551,,8.73,,7.76,,0.442,,638.0,,638.0,
600S137-43,S,6.0,1.37,43,0.0451,33,0.413,1.41,2.042,0.681,2.224,0.087,0.459,0.00028000000000000003,0.633,-0.796,0.513,2.406,0.89,33.3,2.042,,12.56,,11.17,,0.635,,1415.0,,1240.0,
600S137-54,S,6.0,1.37,54,0.0566,33/50,0.514,1.75,2.518,0.839,2.214,0.105,0.452,0.000549,0.769,-0.784,0.506,2.392,0.893,26.8,2.518,2.518,16.33,22.9,15.05,19.85,0.826,0.765,2740.0,2822.0,1890.0,1947.0
600S137-68,S,6.0,1.37,68,0.0713,50,0.64,2.18,3.095,1.032,2.2,0.125,0.443,0.0010840000000000001,0.93,-0.768,0.497,2.372,0.895,26.5,,3.095,,30.65,,26.91,,1.024,,5352.0,,2880.0
600S137-97,S,6.0,1.37,97,0.1017,50,0.889,3.03,4.19,1.397,2.171,0.159,0.423,0.0030659999999999997,1.216,-0.734,0.48,2.33,0.901,26.1,,4.191,,50.49,,48.17,,1.387,,10472.0,,3805.0
600S162-33,S,6.0,1.62,33,0.0346,33,0.344,1.17,1.793,0.598,2.282,0.116,0.581,0.00013700000000000002,0.861,-1.072,0.677,2.588,0.828,41.1,1.793,,11.33,,9.09,,0.573,,638.0,,638.0,
600S162-43,S,6.0,1.62,43,0.0451,33,0.447,1.52,2.316,0.772,2.277,0.148,0.576,0.000303,1.095,-1.062,0.67,2.577,0.83,40.9,2.316,,16.29,,13.62,,0.768,,1415.0,,1240.0,
600S162-54,S,6.0,1.62,54,0.0566,33/50,0.556,1.89,2.861,0.954,2.268,0.18,0.57,0.000594,1.337,-1.049,0.663,2.563,0.833,33.0,2.861,2.861,21.05,27.59,18.87,23.02,0.948,0.922,2740.0,2822.0,1890.0,1947.0
600S162-68,S,6.0,1.62,68,0.0713,50,0.693,2.36,3.526,1.175,2.256,0.218,0.561,0.001174,1.626,-1.032,0.655,2.543,0.835,32.8,,3.526,,38.37,,33.04,,1.169,,5352.0,,2880.0
600S162-97,S,6.0,1.62,97,0.1017,50,0.966,3.28,4.799,1.6,2.229,0.283,0.542,0.0033290000000000004,2.153,-0.997,0.636,2.501,0.841,32.5,,4.8,,56.42,,54.27,,1.591,,10472.0,,3805.0
600S162-118,S,6.0,1.62,118,0.1242,50,1.158,3.94,5.655,1.885,2.209,0.322,0.527,0.005956,2.487,-0.971,0.623,2.47,0.846,32.3,,5.658,,68.57,,68.57,,1.874,,12526.0,,3622.0
600S200-33,S,6.0,2.0,33,0.0346,33,0.379,1.29,2.076,0.692,2.34,0.209,0.743,0.00015099999999999998,1.593,-1.457,0.901,2.855,0.74,51.6,2.062,,12.06,,10.43,,0.61,,638.0,,638.0,
600S200-43,S,6.0,2.0,43,0.0451,33,0.492,1.67,2.683,0.894,2.335,0.268,0.739,0.00033400000000000004,2.033,-1.446,0.894,2.844,0.742,51.4,2.683,,17.16,,14.88,,0.868,,1415.0,,1240.0,
600S200-54,S,6.0,2.0,54,0.0566,33/50,0.613,2.09,3.32,1.107,2.327,0.329,0.732,0.000655,2.493,-1.432,0.887,2.829,0.744,41.6,3.32,3.32,23.96,30.16,21.3,26.31,1.101,1.007,2740.0,2822.0,1890.0,1947.0
600S200-68,S,6.0,2.0,68,0.0713,50,0.764,2.6,4.102,1.367,2.316,0.4,0.723,0.001295,3.047,-1.415,0.878,2.809,0.746,41.4,,4.101,,39.86,,35.48,,1.332,,5352.0,,2880.0
600S200-97,S,6.0,2.0,97,0.1017,50,1.067,3.63,5.614,1.871,2.293,0.53,0.705,0.003679,4.08,-1.378,0.859,2.767,0.752,41.2,,5.615,,64.24,,60.86,,1.862,,10472.0,,3805.0
600S200-118,S,6.0,2.0,118,0.1242,50,1.283,4.36,6.643,2.214,2.276,0.612,0.691,0.006595,4.753,-1.351,0.845,2.736,0.756,41.1,,6.646,,78.09,,77.88,,2.204,,12526.0,,3622.0
600S250-43,S,6.0,2.5,43,0.0451,33,0.537,1.83,3.083,1.028,2.396,0.458,0.923,0.000364,3.411,-1.874,1.136,3.179,0.652,62.4,3.083,,17.97,,15.72,,0.909,,1415.0,,1240.0,
600S250-54,S,6.0,2.5,54,0.0566,33/50,0.67,2.28,3.82,1.273,2.389,0.562,0.917,0.0007149999999999999,4.194,-1.86,1.129,3.163,0.654,50.5,3.82,3.774,22.71,31.56,21.21,27.7,1.149,1.054,2740.0,2822.0,1890.0,1947.0
600S250-68,S,6.0,2.5,68,0.0713,50,0.836,2.84,4.728,1.576,2.379,0.688,0.908,0.001416,5.145,-1.842,1.119,3.142,0.657,50.4,,4.728,,41.1,,37.61,,1.373,,5352.0,,2880.0
600S250-97,S,6.0,2.5,97,0.1017,50,1.169,3.98,6.498,2.166,2.358,0.923,0.889,0.004030000000000001,6.947,-1.803,1.1,3.099,0.661,50.2,,6.499,,61.92,,59.18,,2.068,,10472.0,,3805.0
600S250-118,S,6.0,2.5,118,0.1242,50,1.407,4.79,7.715,2.572,2.342,1.076,0.875,0.007234,8.142,-1.775,1.085,3.066,0.665,46.7,,7.718,,76.42,,75.38,,2.552,,12526.0,,3622.0
600S300-54,S,6.0,3.0,54,0.0566,33/50,0.726,2.47,4.32,1.44,2.439,0.875,1.098,0.000775,6.452,-2.299,1.372,3.527,0.575,59.1,4.276,4.032,23.64,32.51,22.13,28.67,1.196,1.086,2740.0,2822.0,1890.0,1947.0
600S300-68,S,6.0,3.0,68,0.0713,50,0.907,3.09,5.355,1.785,2.43,1.075,1.089,0.001537,7.937,-2.28,1.363,3.506,0.577,58.9,,5.229,,42.66,,39.14,,1.425,,5352.0,,2880.0
600S300-97,S,6.0,3.0,97,0.1017,50,1.271,4.32,7.383,2.461,2.41,1.454,1.07,0.004381,10.776,-2.241,1.343,3.461,0.581,58.8,,7.294,,66.97,,62.32,,2.237,,10472.0,,3805.0
600S300-118,S,6.0,3.0,118,0.1242,50,1.531,5.21,8.787,2.929,2.396,1.705,1.055,0.007872,12.683,-2.212,1.328,3.427,0.583,55.4,,8.791,,83.48,,80.15,,2.909,,12526.0,,3622.0
600S350-54,S,6.0,3.5,54,0.0566,50,0.825,2.81,5.023,1.674,2.467,1.491,1.344,0.0008810000000000001,12.942,-3.037,1.787,4.137,0.461,74.4,,4.735,,39.41,,35.41,,1.316,,2822.0,,1947.0
600S350-68,S,6.0,3.5,68,0.0713,50,1.032,3.51,6.238,2.079,2.459,1.841,1.336,0.001748,15.968,-3.018,1.777,4.116,0.462,74.4,,6.18,,52.54,,48.26,,1.755,,5352.0,,2880.0
600S350-97,S,6.0,3.5,97,0.1017,50,1.449,4.93,8.633,2.878,2.441,2.518,1.318,0.004994,21.811,-2.979,1.757,4.071,0.464,74.4,,8.634,,77.4,,76.46,,2.585,,10472.0,,3805.0
600S350-118,S,6.0,3.5,118,0.1242,50,1.748,5.95,10.306,3.435,2.428,2.979,1.305,0.00899,25.791,-2.951,1.742,4.038,0.466,70.6,,10.31,,98.63,,97.77,,3.294,,12526.0,,3622.0
800S125-33,S,8.0,1.25,33,0.0346,33,0.366,1.24,2.883,0.721,2.807,0.044,0.347,0.000146,0.583,-0.519,0.35,2.875,0.967,26.6,2.666,,8.11,,6.28,,0.492,,474.0,,379.0,
800S125-43,S,8.0,1.25,43,0.0451,33,0.475,1.62,3.723,0.931,2.799,0.056,0.342,0.000322,0.735,-0.51,0.344,2.866,0.968,26.4,3.605,,14.82,,11.36,,0.75,,1051.0,,1051.0,
800S125-54,S,8.0,1.25,54,0.0566,33,0.592,2.01,4.596,1.149,2.787,0.066,0.335,0.000632,0.89,-0.5,0.338,2.851,0.969,26.0,4.571,,20.12,,16.01,,1.018,,2091.0,,2091.0,
800S137-33,S,8.0,1.37,33,0.0346,33,0.388,1.32,3.199,0.8,2.873,0.073,0.435,0.000155,0.957,-0.696,0.46,2.988,0.946,32.5,3.004,,10.01,,8.53,,0.606,,474.0,,379.0,
800S137-43,S,8.0,1.37,43,0.0451,33,0.503,1.71,4.135,1.034,2.866,0.093,0.43,0.00034100000000000005,1.214,-0.687,0.454,2.979,0.947,32.2,4.007,,17.32,,14.99,,0.876,,1051.0,,1051.0,
800S137-54,S,8.0,1.37,54,0.0566,33/50,0.627,2.13,5.111,1.278,2.855,0.112,0.423,0.00067,1.478,-0.676,0.448,2.964,0.948,25.9,5.081,4.982,22.99,31.67,20.57,26.77,1.164,1.058,2091.0,2091.0,2091.0,2091.0
800S137-68,S,8.0,1.37,68,0.0713,50,0.782,2.66,6.305,1.576,2.839,0.134,0.414,0.001325,1.789,-0.661,0.44,2.944,0.95,25.6,,6.29,,43.46,,36.98,,1.452,,4220.0,,3367.0
800S137-97,S,8.0,1.37,97,0.1017,50,1.093,3.72,8.601,2.15,2.806,0.17,0.394,0.003767,2.349,-0.63,0.423,2.902,0.953,25.1,,8.601,,73.24,,65.11,,2.143,,10888.0,,5940.0
800S162-33,S,8.0,1.62,33,0.0346,33,0.413,1.41,3.583,0.896,2.944,0.125,0.55,0.000165,1.63,-0.936,0.607,3.138,0.911,40.1,3.389,,11.45,,10.15,,0.694,,474.0,,379.0,
800S162-43,S,8.0,1.62,43,0.0451,33,0.537,1.83,4.635,1.159,2.938,0.16,0.546,0.000364,2.076,-0.926,0.601,3.128,0.912,39.8,4.505,,19.78,,17.62,,1.001,,1051.0,,1051.0,
800S162-54,S,8.0,1.62,54,0.0566,33/50,0.67,2.28,5.737,1.434,2.927,0.194,0.539,0.0007149999999999999,2.539,-0.914,0.594,3.114,0.914,32.1,5.705,5.606,26.07,36.08,23.96,31.31,1.32,1.205,2091.0,2091.0,2091.0,2091.0
800S162-68,S,8.0,1.62,68,0.0713,50,0.836,2.84,7.092,1.773,2.913,0.235,0.53,0.001416,3.093,-0.899,0.586,3.094,0.916,31.9,,7.074,,49.32,,42.89,,1.647,,4220.0,,3367.0
800S162-97,S,8.0,1.62,97,0.1017,50,1.169,3.98,9.717,2.429,2.883,0.305,0.511,0.004030000000000001,4.114,-0.866,0.568,3.053,0.92,31.4,,9.717,,82.72,,74.77,,2.422,,10888.0,,5940.0
800S162-118,S,8.0,1.62,118,0.1242,50,1.407,4.79,11.509,2.877,2.86,0.347,0.496,0.007234,4.766,-0.842,0.556,3.023,0.922,28.0,,11.511,,104.97,,100.87,,2.869,,16239.0,,7117.0
800S200-33,S,8.0,2.0,33,0.0346,33,0.448,1.52,4.097,1.024,3.024,0.227,0.712,0.000179,2.971,-1.288,0.817,3.363,0.853,50.6,4.096,,13.06,,11.76,,0.792,,474.0,,379.0,
800S200-43,S,8.0,2.0,43,0.0451,33,0.582,1.98,5.303,1.326,3.018,0.292,0.708,0.000395,3.797,-1.277,0.811,3.353,0.855,50.3,5.302,,25.45,,20.34,,1.288,,1051.0,,1051.0,
800S200-54,S,8.0,2.0,54,0.0566,33/50,0.726,2.47,6.574,1.644,3.009,0.357,0.701,0.000775,4.663,-1.265,0.804,3.338,0.856,40.7,6.573,6.573,35.67,44.41,29.36,36.01,1.639,1.483,2091.0,2091.0,2091.0,2091.0
800S200-68,S,8.0,2.0,68,0.0713,50,0.907,3.09,8.143,2.036,2.996,0.435,0.692,0.001537,5.712,-1.248,0.796,3.319,0.859,38.4,,8.142,,59.54,,49.13,,1.989,,4220.0,,3367.0
800S200-97,S,8.0,2.0,97,0.1017,50,1.271,4.32,11.207,2.802,2.97,0.577,0.674,0.004381,7.684,-1.214,0.777,3.278,0.863,37.2,,11.207,,96.41,,85.83,,2.795,,10888.0,,5940.0
800S200-118,S,8.0,2.0,118,0.1242,50,1.531,5.21,13.32,3.33,2.95,0.666,0.659,0.007872,8.981,-1.188,0.764,3.248,0.866,36.5,,13.322,,117.7,,112.34,,3.322,,16239.0,,7117.0
800S250-43,S,8.0,2.5,43,0.0451,33,0.627,2.13,6.017,1.504,3.097,0.5,0.893,0.000425,6.374,-1.675,1.043,3.632,0.787,61.5,6.016,,25.57,,21.41,,1.294,,1051.0,,1051.0,
800S250-54,S,8.0,2.5,54,0.0566,33/50,0.783,2.66,7.467,1.867,3.089,0.614,0.886,0.0008359999999999999,7.85,-1.661,1.036,3.617,0.789,49.8,7.466,7.399,33.65,44.61,29.16,37.84,1.703,1.49,2091.0,2091.0,2091.0,2091.0
800S250-68,S,8.0,2.5,68,0.0713,50,0.978,3.33,9.263,2.316,3.077,0.752,0.877,0.001658,9.652,-1.644,1.027,3.597,0.791,49.6,,9.258,,61.28,,51.85,,2.047,,4220.0,,3367.0
800S250-97,S,8.0,2.5,97,0.1017,50,1.372,4.67,12.793,3.198,3.053,1.009,0.858,0.004731,13.091,-1.607,1.008,3.555,0.796,46.4,,12.793,,91.82,,83.02,,3.067,,10888.0,,5940.0
800S250-118,S,8.0,2.5,118,0.1242,50,1.655,5.63,15.246,3.811,3.035,1.176,0.843,0.008511,15.395,-1.58,0.994,3.524,0.799,45.6,,15.248,,113.36,,107.04,,3.786,,16239.0,,7117.0
800S300-54,S,8.0,3.0,54,0.0566,50,0.839,2.86,8.36,2.09,3.156,0.959,1.069,0.000896,12.076,-2.073,1.271,3.924,0.721,58.6,,7.906,,44.48,,38.97,,1.486,,2091.0,,2091.0
800S300-68,S,8.0,3.0,68,0.0713,50,1.05,3.57,10.384,2.596,3.145,1.179,1.06,0.001779,14.888,-2.055,1.262,3.904,0.723,58.4,,10.125,,63.58,,53.66,,2.124,,4220.0,,3367.0
800S300-97,S,8.0,3.0,97,0.1017,50,1.474,5.01,14.379,3.595,3.123,1.595,1.04,0.005082,20.304,-2.017,1.243,3.861,0.727,58.1,,14.189,,98.64,,86.69,,3.295,,10888.0,,5940.0
800S300-118,S,8.0,3.0,118,0.1242,50,1.779,6.05,17.172,4.293,3.107,1.872,1.026,0.009149,23.979,-1.989,1.229,3.829,0.73,54.5,,17.174,,122.86,,112.62,,4.104,,16239.0,,7117.0
1000S162-43,S,10.0,1.62,43,0.0451,33,0.627,2.13,8.028,1.606,3.577,0.168,0.518,0.000425,3.43,-0.823,0.545,3.707,0.951,38.8,7.537,,20.97,,18.12,,1.271,,836.0,,669.0,
1000S162-54,S,10.0,1.62,54,0.0566,33/50,0.783,2.66,9.954,1.991,3.566,0.204,0.511,0.0008359999999999999,4.198,-0.812,0.538,3.693,0.952,31.3,9.638,9.41,33.47,45.83,29.91,38.68,1.694,1.531,1660.0,1660.0,1660.0,1660.0
1000S162-68,S,10.0,1.62,68,0.0713,50,0.978,3.33,12.33,2.466,3.55,0.247,0.502,0.001658,5.121,-0.798,0.531,3.673,0.953,31.0,,11.978,,63.53,,53.74,,2.122,,3345.0,,3345.0
1000S162-97,S,10.0,1.62,97,0.1017,50,1.372,4.67,16.974,3.395,3.517,0.32,0.483,0.004731,6.827,-0.768,0.514,3.632,0.955,30.4,,16.971,,97.44,,87.7,,3.254,,9862.0,,7175.0
1000S162-118,S,10.0,1.62,118,0.1242,50,1.655,5.63,20.177,4.035,3.491,0.364,0.469,0.008511,7.924,-0.746,0.502,3.601,0.957,30.0,,20.177,,130.76,,120.56,,4.028,,16239.0,,9539.0
1000S200-43,S,10.0,2.0,43,0.0451,33,0.672,2.29,9.088,1.818,3.676,0.309,0.677,0.000456,6.236,-1.147,0.743,3.91,0.914,49.3,8.614,,23.76,,21.21,,1.44,,836.0,,669.0,
1000S200-54,S,10.0,2.0,54,0.0566,33/50,0.839,2.86,11.282,2.256,3.666,0.378,0.671,0.000896,7.665,-1.135,0.737,3.896,0.915,39.8,10.962,10.788,38.69,49.72,34.77,45.06,1.958,1.661,1660.0,1660.0,1660.0,1660.0
1000S200-68,S,10.0,2.0,68,0.0713,50,1.05,3.57,13.999,2.8,3.652,0.46,0.662,0.001779,9.401,-1.12,0.729,3.877,0.917,39.6,,13.676,,71.52,,62.15,,2.389,,3345.0,,3345.0
1000S200-97,S,10.0,2.0,97,0.1017,50,1.474,5.01,19.343,3.869,3.622,0.61,0.643,0.005082,12.679,-1.088,0.711,3.836,0.92,39.0,,19.34,,111.57,,100.5,,3.726,,9862.0,,7175.0
1000S200-118,S,10.0,2.0,118,0.1242,50,1.779,6.05,23.06,4.612,3.6,0.704,0.629,0.009149,14.848,-1.064,0.699,3.806,0.922,38.7,,23.06,,149.43,,137.74,,4.605,,16239.0,,9539.0
1000S250-43,S,10.0,2.5,43,0.0451,33,0.717,2.44,10.205,2.041,3.771,0.531,0.86,0.000486,10.481,-1.518,0.965,4.155,0.867,60.7,10.203,,26.06,,22.43,,1.579,,836.0,,669.0,
1000S250-54,S,10.0,2.5,54,0.0566,33/50,0.896,3.05,12.681,2.536,3.762,0.653,0.854,0.000957,12.922,-1.505,0.958,4.141,0.868,49.1,12.678,12.678,44.53,54.55,36.94,47.66,2.253,1.822,1660.0,1660.0,1660.0,1660.0
1000S250-68,S,10.0,2.5,68,0.0713,50,1.121,3.81,15.756,3.151,3.749,0.799,0.844,0.001899,15.909,-1.488,0.95,4.121,0.87,48.8,,15.753,,81.93,,65.86,,2.736,,3345.0,,3345.0
1000S250-97,S,10.0,2.5,97,0.1017,50,1.576,5.36,21.834,4.367,3.722,1.073,0.825,0.0054329999999999995,21.632,-1.454,0.932,4.08,0.873,45.6,,21.831,,125.8,,107.14,,4.202,,9862.0,,7175.0
1000S300-54,S,10.0,3.0,54,0.0566,33/50,0.953,3.24,14.08,2.816,3.845,1.024,1.037,0.001017,19.888,-1.892,1.185,4.409,0.816,58.0,13.964,13.521,44.9,54.85,38.27,49.12,2.272,1.832,1660.0,1660.0,1660.0,1660.0
1000S300-68,S,10.0,3.0,68,0.0713,50,1.192,4.06,17.513,3.503,3.833,1.258,1.027,0.00202,24.551,-1.874,1.176,4.389,0.818,57.8,,17.119,,82.23,,68.23,,2.746,,3345.0,,3345.0
1000S300-97,S,10.0,3.0,97,0.1017,50,1.677,5.71,24.325,4.865,3.808,1.703,1.007,0.005783,33.57,-1.838,1.158,4.347,0.821,57.4,,23.992,,134.43,,111.66,,4.49,,9862.0,,7175.0
1200S162-54,S,12.0,1.62,54,0.0566,33/50,0.896,3.05,15.736,2.623,4.191,0.212,0.486,0.000957,6.34,-0.732,0.493,4.282,0.971,30.5,14.772,14.33,34.05,46.76,29.26,37.52,2.064,1.87,1377.0,1377.0,1102.0,1102.0
1200S162-68,S,12.0,1.62,68,0.0713,50,1.121,3.81,19.526,3.254,4.174,0.255,0.477,0.001899,7.739,-0.719,0.485,4.262,0.972,30.2,,18.424,,77.58,,63.2,,2.591,,2770.0,,2770.0
1200S162-97,S,12.0,1.62,97,0.1017,50,1.576,5.36,26.977,4.496,4.138,0.332,0.459,0.0054329999999999995,10.331,-0.691,0.47,4.22,0.973,29.5,,26.754,,121.43,,105.38,,4.056,,8145.0,,7410.0
1200S162-118,S,12.0,1.62,118,0.1242,50,1.904,6.48,32.158,5.36,4.11,0.377,0.445,0.009788,12.002,-0.67,0.459,4.188,0.974,29.0,,32.154,,154.22,,138.87,,5.151,,14982.0,,11034.0
1200S200-54,S,12.0,2.0,54,0.0566,33/50,0.953,3.24,17.668,2.945,4.307,0.394,0.643,0.001017,11.55,-1.032,0.681,4.475,0.947,39.0,16.7,16.361,39.32,50.77,34.44,44.3,2.383,2.031,1377.0,1377.0,1102.0,1102.0
1200S200-68,S,12.0,2.0,68,0.0713,50,1.192,4.06,21.955,3.659,4.291,0.479,0.634,0.00202,14.176,-1.017,0.673,4.456,0.948,38.7,,20.892,,87.15,,73.93,,2.911,,2770.0,,2770.0
1200S200-97,S,12.0,2.0,97,0.1017,50,1.677,5.71,30.428,5.071,4.259,0.635,0.615,0.005783,19.15,-0.987,0.656,4.415,0.95,38.1,,30.191,,138.51,,121.84,,4.626,,8145.0,,7410.0
1200S250-54,S,12.0,2.5,54,0.0566,33/50,1.009,3.43,19.687,3.281,4.417,0.683,0.823,0.001078,19.505,-1.378,0.892,4.699,0.914,48.3,18.858,18.511,40.08,52.69,36.91,47.35,2.429,2.108,1377.0,1377.0,1102.0,1102.0
1200S250-68,S,12.0,2.5,68,0.0713,50,1.263,4.3,24.491,4.082,4.403,0.836,0.813,0.002141,24.034,-1.362,0.884,4.68,0.915,48.1,,23.61,,87.95,,79.05,,2.938,,2770.0,,2770.0
1200S250-97,S,12.0,2.5,97,0.1017,50,1.779,6.05,34.027,5.671,4.373,1.122,0.794,0.0061340000000000006,32.734,-1.329,0.867,4.639,0.918,47.5,,33.851,,149.63,,130.54,,4.998,,8145.0,,7410.0
1200S250-118,S,12.0,2.5,118,0.1242,50,2.152,7.32,40.74,6.79,4.351,1.308,0.78,0.011065,38.619,-1.305,0.854,4.609,0.92,47.1,,40.736,,195.71,,171.85,,6.537,,14982.0,,11034.0
1200S300-54,S,12.0,3.0,54,0.0566,33/50,1.066,3.63,21.705,3.618,4.513,1.074,1.004,0.001138,30.051,-1.743,1.111,4.941,0.876,57.4,21.7,21.256,44.11,54.49,38.41,49.11,2.673,2.18,1377.0,1377.0,1102.0,1102.0
1200S300-68,S,12.0,3.0,68,0.0713,50,1.335,4.54,27.028,4.505,4.5,1.32,0.994,0.002262,37.126,-1.726,1.103,4.921,0.877,57.2,,26.553,,96.8,,82.33,,3.233,,2770.0,,2770.0
1200S300-97,S,12.0,3.0,97,0.1017,50,1.881,6.4,37.627,6.271,4.473,1.787,0.975,0.006484,50.853,-1.691,1.085,4.88,0.88,56.7,,37.11,,174.32,,136.41,,5.822,,8145.0,,7410.0
1200S300-118,S,12.0,3.0,118,0.1242,50,2.276,7.74,45.119,7.52,4.452,2.096,0.96,0.011704,60.251,-1.666,1.071,4.85,0.882,53.0,,45.115,,216.59,,180.23,,7.234,,14982.0,,11034.0
1200S350-68,S,12.0,3.5,68,0.0713,50,1.46,4.97,31.004,5.167,4.609,2.306,1.257,0.002473,67.251,-2.346,1.469,5.322,0.806,71.2,,30.967,,119.62,,101.62,,3.995,,2770.0,,2770.0
1200S350-97,S,12.0,3.5,97,0.1017,50,2.059,7.0,43.28,7.213,4.585,3.159,1.239,0.007098,92.672,-2.31,1.45,5.281,0.809,70.8,,43.274,,197.06,,166.0,,6.582,,8145.0,,7410.0
1400S200-54,S,14.0,2.0,54,0.0566,33/50,1.066,3.63,25.961,3.709,4.936,0.406,0.617,0.001138,16.355,-0.946,0.633,5.063,0.965,38.2,23.813,23.23,46.29,60.12,39.15,50.03,2.805,2.405,1176.0,1176.0,941.0,941.0
1400S200-97,S,14.0,2.0,97,0.1017,50,1.881,6.4,44.87,6.41,4.884,0.655,0.59,0.006484,27.156,-0.904,0.609,5.002,0.967,37.3,,43.652,,165.31,,141.26,,5.522,,6938.0,,6938.0
1400S200-118,S,14.0,2.0,118,0.1242,50,2.276,7.74,53.719,7.674,4.858,0.756,0.576,0.011704,31.861,-0.883,0.598,4.971,0.968,36.8,,53.546,,211.27,,187.34,,7.057,,12743.0,,11285.0
1400S250-54,S,14.0,2.5,54,0.0566,33/50,1.122,3.82,28.712,4.102,5.058,0.707,0.794,0.0011979999999999998,27.675,-1.272,0.835,5.275,0.942,47.6,26.804,26.21,47.21,62.35,42.34,54.05,2.861,2.494,1176.0,1176.0,941.0,941.0
1400S250-68,S,14.0,2.5,68,0.0713,50,1.406,4.78,35.755,5.108,5.043,0.865,0.784,0.002383,34.118,-1.257,0.827,5.256,0.943,47.3,,33.627,,103.8,,91.04,,3.467,,2364.0,,2364.0
1400S250-97,S,14.0,2.5,97,0.1017,50,1.983,6.74,49.781,7.112,5.011,1.161,0.765,0.006835,46.52,-1.225,0.811,5.215,0.945,46.7,,48.686,,178.0,,152.5,,5.945,,6938.0,,6938.0
1400S300-54,S,14.0,3.0,54,0.0566,33/50,1.179,4.01,31.463,4.495,5.166,1.115,0.972,0.001259,42.69,-1.617,1.046,5.5,0.914,56.8,29.726,27.327,48.78,63.82,44.43,56.59,2.956,2.553,1176.0,1176.0,941.0,941.0
1400S300-68,S,14.0,3.0,68,0.0713,50,1.477,5.03,39.213,5.602,5.152,1.37,0.963,0.002503,52.772,-1.601,1.038,5.48,0.915,56.5,,36.428,,107.01,,95.45,,3.574,,2364.0,,2364.0
1400S300-97,S,14.0,3.0,97,0.1017,50,2.084,7.09,54.692,7.813,5.123,1.854,0.943,0.007186,72.365,-1.568,1.02,5.44,0.917,55.9,,53.38,,188.69,,160.22,,6.302,,6938.0,,6938.0
1400S300-118,S,14.0,3.0,118,0.1242,50,2.525,8.59,65.676,9.382,5.1,2.175,0.928,0.012981,85.812,-1.544,1.008,5.409,0.919,55.5,,65.596,,250.77,,213.33,,8.376,,12743.0,,11285.0
1600S300-68,S,16.0,3.0,68,0.0713,50,1.62,5.51,54.355,6.794,5.793,1.411,0.933,0.002745,71.608,-1.494,0.981,6.055,0.939,55.8,,49.256,,103.58,,89.73,,4.143,,2062.0,,1649.0
1600S300-97,S,16.0,3.0,97,0.1017,50,2.288,7.78,75.929,9.491,5.761,1.91,0.914,0.007887,98.275,-1.463,0.964,6.014,0.941,55.1,,72.942,,218.29,,182.59,,7.291,,6042.0,,6042.0
162T125-18,T,1.62,1.25,18,0.0188,33,0.078,0.26,0.042,0.048,0.733,0.013,0.411,9.100000000000001e-06,0.007,-0.876,0.503,1.215,0.479,,0.03,,0.42,,,,0.025,,302.0,,,
162T125-27,T,1.62,1.25,27,0.0283,33,0.117,0.4,0.063,0.072,0.735,0.02,0.41,3.12e-05,0.01,-0.872,0.501,1.211,0.482,,0.051,,0.87,,,,0.044,,541.0,,,
162T125-30,T,1.62,1.25,30,0.0312,33,0.129,0.44,0.07,0.079,0.735,0.022,0.409,4.1700000000000004e-05,0.012,-0.87,0.5,1.21,0.483,,0.058,,1.0,,,,0.051,,597.0,,,
162T125-33,T,1.62,1.25,33,0.0346,33,0.143,0.49,0.077,0.087,0.736,0.024,0.408,5.69e-05,0.013,-0.868,0.499,1.209,0.484,,0.066,,1.16,,,,0.059,,663.0,,,
250T125-18,T,2.5,1.25,18,0.0188,33,0.094,0.32,0.104,0.079,1.052,0.015,0.4,1.11e-05,0.018,-0.767,0.46,1.362,0.682,,0.078,,0.73,,,,0.044,,245.0,,,
250T125-27,T,2.5,1.25,27,0.0283,33,0.141,0.48,0.157,0.119,1.053,0.022,0.398,3.78e-05,0.027,-0.763,0.457,1.36,0.685,,0.129,,1.56,,,,0.079,,685.0,,,
250T125-30,T,2.5,1.25,30,0.0312,33,0.156,0.53,0.173,0.131,1.053,0.025,0.397,5.06e-05,0.03,-0.762,0.456,1.359,0.686,,0.146,,1.77,,,,0.09,,833.0,,,
250T125-33,T,2.5,1.25,33,0.0346,33,0.173,0.59,0.192,0.145,1.054,0.027,0.397,6.900000000000001e-05,0.033,-0.76,0.456,1.358,0.687,,0.166,,2.04,,,,0.103,,1024.0,,,
250T125-43,T,2.5,1.25,43,0.0451,33,0.225,0.77,0.25,0.188,1.055,0.035,0.395,0.00015260000000000002,0.042,-0.755,0.453,1.356,0.69,,0.231,,2.92,,,,0.148,,1356.0,,,
250T125-54,T,2.5,1.25,54,0.0566,33/50,0.282,0.96,0.318,0.236,1.062,0.043,0.392,0.0003015,0.054,-0.749,0.449,1.357,0.696,,0.311,0.297,4.03,5.66,,,0.204,0.189,1692.0,2563.0,,
250T125-68,T,2.5,1.25,68,0.0713,33/50,0.355,1.21,0.409,0.297,1.072,0.054,0.389,0.0006022,0.069,-0.74,0.444,1.36,0.704,,0.409,0.404,5.58,7.89,,,0.283,0.263,2112.0,3199.0,,
250T150-27,T,2.5,1.5,27,0.0283,33,0.156,0.53,0.181,0.137,1.078,0.037,0.486,4.15e-05,0.044,-0.976,0.575,1.534,0.595,,0.139,,1.61,,,,0.082,,685.0,,,
250T150-30,T,2.5,1.5,30,0.0312,33,0.172,0.58,0.2,0.151,1.078,0.04,0.486,5.57e-05,0.049,-0.975,0.574,1.533,0.595,,0.157,,1.84,,,,0.093,,833.0,,,
250T150-33,T,2.5,1.5,33,0.0346,33,0.19,0.65,0.221,0.167,1.079,0.045,0.485,7.59e-05,0.054,-0.973,0.573,1.532,0.596,,0.18,,2.11,,,,0.107,,1024.0,,,
250T150-43,T,2.5,1.5,43,0.0451,33,0.248,0.84,0.289,0.217,1.08,0.058,0.483,0.0001679,0.07,-0.968,0.57,1.529,0.599,,0.253,,3.04,,,,0.154,,1356.0,,,
250T150-54,T,2.5,1.5,54,0.0566,33/50,0.311,1.06,0.368,0.273,1.088,0.072,0.481,0.0003317,0.089,-0.961,0.566,1.53,0.605,,0.343,0.325,4.24,5.92,,,0.214,0.198,1692.0,2563.0,,
250T150-68,T,2.5,1.5,68,0.0713,33/50,0.391,1.33,0.472,0.344,1.099,0.089,0.478,0.0006627,0.114,-0.953,0.561,1.531,0.613,,0.467,0.447,5.95,8.32,,,0.301,0.278,2112.0,3199.0,,
250T200-33,T,2.5,2.0,33,0.0346,33,0.225,0.76,0.28,0.212,1.117,0.097,0.658,8.97e-05,0.118,-1.418,0.813,1.922,0.455,,0.203,,2.23,,,,0.113,,1024.0,,,
250T200-43,T,2.5,2.0,43,0.0451,33,0.293,1.0,0.366,0.275,1.119,0.126,0.656,0.0001985,0.153,-1.413,0.81,1.918,0.457,,0.289,,3.22,,,,0.163,,1356.0,,,
250T200-54,T,2.5,2.0,54,0.0566,33/50,0.367,1.25,0.466,0.346,1.127,0.157,0.654,0.0003921,0.195,-1.405,0.806,1.917,0.462,,0.397,0.373,4.53,6.28,,,0.229,0.21,1692.0,2563.0,,
250T200-68,T,2.5,2.0,68,0.0713,33/50,0.462,1.57,0.6,0.437,1.139,0.196,0.652,0.0007835,0.251,-1.396,0.8,1.916,0.469,,0.55,0.519,6.45,8.91,,,0.326,0.298,2112.0,3199.0,,
350T125-18,T,3.5,1.25,18,0.0188,33,0.113,0.38,0.22,0.121,1.395,0.017,0.382,1.33e-05,0.038,-0.675,0.418,1.596,0.821,,0.174,,1.02,,,,0.062,,173.0,,,
350T125-27,T,3.5,1.25,27,0.0283,33,0.17,0.58,0.331,0.182,1.396,0.025,0.381,4.53e-05,0.057,-0.67,0.416,1.595,0.823,,0.278,,2.53,,,,0.128,,590.0,,,
350T125-30,T,3.5,1.25,30,0.0312,33,0.187,0.64,0.365,0.2,1.396,0.027,0.38,6.07e-05,0.063,-0.669,0.415,1.594,0.824,,0.313,,2.87,,,,0.145,,790.0,,,
350T125-33,T,3.5,1.25,33,0.0346,33,0.207,0.71,0.405,0.222,1.397,0.03,0.379,8.28e-05,0.07,-0.668,0.414,1.594,0.824,,0.355,,3.27,,,,0.166,,1024.0,,,
350T125-43,T,3.5,1.25,43,0.0451,33,0.27,0.92,0.528,0.288,1.398,0.038,0.377,0.0001832,0.09,-0.663,0.412,1.592,0.826,,0.49,,4.61,,,,0.234,,1740.0,,,
350T125-54,T,3.5,1.25,54,0.0566,33/50,0.339,1.15,0.668,0.361,1.404,0.048,0.375,0.0003619,0.114,-0.658,0.408,1.595,0.83,,0.652,0.627,6.28,8.92,,,0.318,0.298,2392.0,3372.0,,
350T125-68,T,3.5,1.25,68,0.0713,33/50,0.427,1.45,0.851,0.454,1.412,0.059,0.372,0.0007231,0.144,-0.65,0.403,1.599,0.835,,0.851,0.84,8.57,12.22,,,0.434,0.408,2994.0,4536.0,,
350T125-97,T,3.5,1.25,97,0.1017,33/50,0.608,2.07,1.243,0.645,1.43,0.081,0.366,0.002096,0.209,-0.636,0.394,1.607,0.844,,1.244,1.244,14.57,21.51,,,0.645,0.645,4213.0,6383.0,,
350T150-27,T,3.5,1.5,27,0.0283,33,0.184,0.63,0.377,0.207,1.432,0.041,0.47,4.91e-05,0.094,-0.869,0.529,1.739,0.751,,0.298,,2.62,,,,0.133,,590.0,,,
350T150-30,T,3.5,1.5,30,0.0312,33,0.203,0.69,0.416,0.228,1.432,0.045,0.47,6.58e-05,0.103,-0.867,0.528,1.739,0.751,,0.336,,2.97,,,,0.15,,790.0,,,
350T150-33,T,3.5,1.5,33,0.0346,33,0.225,0.76,0.461,0.253,1.432,0.049,0.469,8.97e-05,0.114,-0.866,0.527,1.738,0.752,,0.382,,3.39,,,,0.172,,1024.0,,,
350T150-43,T,3.5,1.5,43,0.0451,33,0.293,1.0,0.601,0.329,1.433,0.064,0.467,0.0001985,0.148,-0.861,0.525,1.736,0.754,,0.531,,4.81,,,,0.243,,1740.0,,,
350T150-54,T,3.5,1.5,54,0.0566,33/50,0.367,1.25,0.762,0.412,1.44,0.079,0.465,0.0003921,0.187,-0.855,0.521,1.738,0.758,,0.713,0.68,6.59,9.3,,,0.333,0.311,2392.0,3372.0,,
350T150-68,T,3.5,1.5,68,0.0713,33/50,0.462,1.57,0.972,0.518,1.45,0.099,0.462,0.0007835,0.238,-0.847,0.516,1.742,0.763,,0.959,0.921,9.1,12.85,,,0.46,0.429,2994.0,4536.0,,
350T150-97,T,3.5,1.5,97,0.1017,33/50,0.659,2.24,1.423,0.738,1.469,0.137,0.456,0.0022713,0.346,-0.831,0.506,1.749,0.774,,1.423,1.423,15.72,21.08,,,0.738,0.704,4213.0,6383.0,,
350T200-33,T,3.5,2.0,33,0.0346,33,0.259,0.88,0.574,0.315,1.488,0.108,0.646,0.0001035,0.249,-1.285,0.761,2.069,0.614,,0.429,,3.58,,,,0.181,,1024.0,,,
350T200-43,T,3.5,2.0,43,0.0451,33,0.338,1.15,0.749,0.409,1.489,0.14,0.645,0.00022909999999999999,0.323,-1.28,0.758,2.067,0.616,,0.601,,5.1,,,,0.258,,1740.0,,,
350T200-54,T,3.5,2.0,54,0.0566,33/50,0.424,1.44,0.949,0.513,1.497,0.175,0.642,0.0004526,0.409,-1.273,0.754,2.067,0.621,,0.815,0.771,7.03,9.87,,,0.356,0.33,2392.0,3372.0,,
350T200-68,T,3.5,2.0,68,0.0713,33/50,0.534,1.82,1.213,0.647,1.508,0.218,0.639,0.0009043,0.522,-1.264,0.749,2.069,0.627,,1.114,1.057,9.84,13.76,,,0.498,0.46,2994.0,4536.0,,
350T200-97,T,3.5,2.0,97,0.1017,33/50,0.761,2.59,1.781,0.924,1.53,0.305,0.633,0.0026219,0.765,-1.247,0.738,2.073,0.638,,1.782,1.713,16.5,23.14,,,0.835,0.773,4213.0,6383.0,,
362T125-18,T,3.62,1.25,18,0.0188,33,0.115,0.39,0.238,0.127,1.437,0.017,0.38,1.3599999999999999e-05,0.042,-0.665,0.413,1.628,0.833,,0.189,,1.05,,,,0.064,,167.0,,,
362T125-27,T,3.62,1.25,27,0.0283,33,0.173,0.59,0.358,0.191,1.438,0.025,0.378,4.63e-05,0.062,-0.661,0.411,1.627,0.835,,0.301,,2.67,,,,0.135,,569.0,,,
362T125-30,T,3.62,1.25,30,0.0312,33,0.191,0.65,0.395,0.21,1.438,0.027,0.378,6.2e-05,0.068,-0.659,0.41,1.627,0.836,,0.339,,3.02,,,,0.153,,762.0,,,
362T125-33,T,3.62,1.25,33,0.0346,33,0.212,0.72,0.438,0.232,1.439,0.03,0.377,8.450000000000001e-05,0.076,-0.658,0.41,1.626,0.836,,0.385,,3.44,,,,0.174,,1024.0,,,
362T125-43,T,3.62,1.25,43,0.0451,33,0.276,0.94,0.571,0.302,1.439,0.039,0.375,0.000187,0.098,-0.654,0.407,1.625,0.838,,0.531,,4.85,,,,0.245,,1740.0,,,
362T125-54,T,3.62,1.25,54,0.0566,33/50,0.346,1.18,0.723,0.378,1.445,0.048,0.373,0.0003695,0.123,-0.648,0.404,1.627,0.841,,0.706,0.679,6.59,9.36,,,0.333,0.313,2480.0,3372.0,,
362T125-68,T,3.62,1.25,68,0.0713,33/50,0.436,1.48,0.921,0.475,1.454,0.06,0.37,0.0007381999999999999,0.156,-0.641,0.399,1.631,0.846,,0.921,0.909,8.98,12.82,,,0.455,0.428,3104.0,4703.0,,
362T125-97,T,3.62,1.25,97,0.1017,33/50,0.621,2.11,1.344,0.675,1.471,0.082,0.364,0.0021398000000000003,0.226,-0.626,0.39,1.64,0.854,,1.344,1.344,15.25,22.49,,,0.675,0.675,4370.0,6622.0,,
362T150-27,T,3.62,1.5,27,0.0283,33,0.187,0.64,0.408,0.217,1.475,0.041,0.468,5e-05,0.102,-0.857,0.524,1.769,0.765,,0.323,,2.76,,,,0.14,,569.0,,,
362T150-30,T,3.62,1.5,30,0.0312,33,0.207,0.7,0.45,0.239,1.475,0.045,0.467,6.7e-05,0.112,-0.856,0.523,1.768,0.766,,0.364,,3.12,,,,0.158,,762.0,,,
362T150-33,T,3.62,1.5,33,0.0346,33,0.229,0.78,0.499,0.264,1.475,0.05,0.467,9.14e-05,0.124,-0.854,0.522,1.768,0.766,,0.414,,3.57,,,,0.181,,1024.0,,,
362T150-43,T,3.62,1.5,43,0.0451,33,0.298,1.02,0.65,0.344,1.476,0.064,0.465,0.0002023,0.16,-0.85,0.519,1.766,0.768,,0.575,,5.05,,,,0.256,,1740.0,,,
362T150-54,T,3.62,1.5,54,0.0566,33/50,0.374,1.27,0.823,0.431,1.483,0.08,0.462,0.0003997,0.202,-0.844,0.516,1.768,0.772,,0.771,0.736,6.91,9.77,,,0.35,0.326,2480.0,3372.0,,
362T150-68,T,3.62,1.5,68,0.0713,33/50,0.471,1.6,1.05,0.542,1.493,0.1,0.46,0.0007986,0.257,-0.836,0.511,1.771,0.777,,1.036,0.995,9.53,13.47,,,0.482,0.45,3104.0,4703.0,,
362T150-97,T,3.62,1.5,97,0.1017,33/50,0.672,2.28,1.535,0.771,1.512,0.138,0.453,0.0023152,0.374,-0.82,0.501,1.779,0.787,,1.536,1.536,16.41,22.04,,,0.771,0.736,4370.0,6622.0,,
362T200-33,T,3.62,2.0,33,0.0346,33,0.264,0.9,0.619,0.329,1.533,0.11,0.645,0.0001052,0.269,-1.27,0.754,2.092,0.631,,0.464,,3.76,,,,0.191,,1024.0,,,
362T200-43,T,3.62,2.0,43,0.0451,33,0.343,1.17,0.808,0.427,1.534,0.142,0.643,0.0002329,0.35,-1.265,0.752,2.09,0.633,,0.65,,5.35,,,,0.271,,1740.0,,,
362T200-54,T,3.62,2.0,54,0.0566,33/50,0.431,1.47,1.024,0.536,1.542,0.177,0.64,0.0004601,0.442,-1.259,0.748,2.091,0.638,,0.881,0.833,7.37,10.37,,,0.373,0.346,2480.0,3372.0,,
362T200-68,T,3.62,2.0,68,0.0713,33/50,0.543,1.85,1.308,0.675,1.552,0.221,0.638,0.0009194,0.564,-1.25,0.743,2.093,0.643,,1.202,1.141,10.3,14.42,,,0.521,0.482,3104.0,4703.0,,
362T200-97,T,3.62,2.0,97,0.1017,33/50,0.773,2.63,1.917,0.963,1.575,0.308,0.632,0.0026658,0.825,-1.232,0.732,2.097,0.655,,1.918,1.845,17.23,24.18,,,0.872,0.808,4370.0,6622.0,,
400T125-18,T,4.0,1.25,18,0.0188,33,0.122,0.42,0.298,0.145,1.562,0.017,0.374,1.44e-05,0.052,-0.637,0.4,1.727,0.864,,0.241,,1.16,,,,0.07,,151.0,,,
400T125-27,T,4.0,1.25,27,0.0283,33,0.184,0.63,0.449,0.217,1.562,0.025,0.372,4.91e-05,0.078,-0.633,0.398,1.726,0.866,,0.38,,3.08,,,,0.156,,515.0,,,
400T125-30,T,4.0,1.25,30,0.0312,33,0.203,0.69,0.495,0.239,1.563,0.028,0.371,6.58e-05,0.085,-0.632,0.397,1.726,0.866,,0.427,,3.49,,,,0.177,,689.0,,,
400T125-33,T,4.0,1.25,33,0.0346,33,0.225,0.76,0.549,0.265,1.563,0.031,0.371,8.97e-05,0.095,-0.63,0.396,1.725,0.867,,0.484,,3.98,,,,0.201,,939.0,,,
400T125-43,T,4.0,1.25,43,0.0451,33,0.293,1.0,0.716,0.344,1.564,0.04,0.369,0.0001985,0.122,-0.626,0.394,1.724,0.868,,0.667,,5.58,,,,0.282,,1740.0,,,
400T125-54,T,4.0,1.25,54,0.0566,33/50,0.367,1.25,0.904,0.431,1.569,0.049,0.366,0.0003921,0.154,-0.621,0.39,1.727,0.871,,0.884,0.851,7.54,10.76,,,0.382,0.359,2740.0,3372.0,,
400T125-68,T,4.0,1.25,68,0.0713,33/50,0.462,1.57,1.151,0.541,1.577,0.061,0.364,0.0007835,0.194,-0.614,0.386,1.731,0.874,,1.151,1.136,10.25,14.66,,,0.519,0.49,3435.0,5205.0,,
400T125-97,T,4.0,1.25,97,0.1017,33/50,0.659,2.24,1.674,0.768,1.594,0.084,0.358,0.0022713,0.28,-0.6,0.377,1.74,0.881,,1.674,1.674,17.36,25.54,,,0.769,0.769,4842.0,7337.0,,
400T150-27,T,4.0,1.5,27,0.0283,33,0.198,0.67,0.509,0.246,1.602,0.042,0.461,5.2900000000000005e-05,0.127,-0.824,0.509,1.86,0.804,,0.409,,3.05,,,,0.154,,515.0,,,
400T150-30,T,4.0,1.5,30,0.0312,33,0.218,0.74,0.561,0.271,1.603,0.046,0.461,7.08e-05,0.14,-0.823,0.508,1.86,0.804,,0.458,,3.61,,,,0.183,,689.0,,,
400T150-33,T,4.0,1.5,33,0.0346,33,0.242,0.82,0.622,0.3,1.603,0.051,0.46,9.66e-05,0.155,-0.821,0.507,1.859,0.805,,0.52,,4.12,,,,0.209,,939.0,,,
400T150-43,T,4.0,1.5,43,0.0451,33,0.315,1.07,0.811,0.39,1.604,0.066,0.458,0.0002138,0.2,-0.817,0.504,1.857,0.807,,0.72,,5.81,,,,0.294,,1740.0,,,
400T150-54,T,4.0,1.5,54,0.0566,33/50,0.396,1.35,1.026,0.489,1.61,0.082,0.456,0.0004223,0.252,-0.811,0.501,1.86,0.81,,0.962,0.92,7.9,11.22,,,0.4,0.375,2740.0,3372.0,,
400T150-68,T,4.0,1.5,68,0.0713,33/50,0.498,1.69,1.306,0.615,1.619,0.102,0.453,0.0008439,0.32,-0.804,0.496,1.864,0.814,,1.288,1.239,10.85,15.4,,,0.549,0.514,3435.0,5205.0,,
400T150-97,T,4.0,1.5,97,0.1017,33/50,0.71,2.41,1.904,0.874,1.638,0.142,0.447,0.0024466,0.463,-0.788,0.487,1.872,0.823,,1.904,1.904,18.56,25.02,,,0.874,0.836,4842.0,7337.0,,
400T200-33,T,4.0,2.0,33,0.0346,33,0.277,0.94,0.768,0.371,1.666,0.113,0.639,0.0001104,0.336,-1.229,0.737,2.167,0.678,,0.581,,4.35,,,,0.22,,939.0,,,
400T200-43,T,4.0,2.0,43,0.0451,33,0.36,1.23,1.002,0.482,1.668,0.146,0.637,0.0002443,0.436,-1.224,0.734,2.164,0.68,,0.812,,6.15,,,,0.311,,1740.0,,,
400T200-54,T,4.0,2.0,54,0.0566,33/50,0.452,1.54,1.268,0.604,1.675,0.182,0.635,0.0004828,0.551,-1.217,0.73,2.166,0.684,,1.095,1.038,8.44,11.9,,,0.427,0.398,2740.0,3372.0,,
400T200-68,T,4.0,2.0,68,0.0713,33/50,0.569,1.94,1.617,0.761,1.685,0.227,0.632,0.0009647,0.702,-1.209,0.725,2.168,0.689,,1.488,1.415,11.72,16.47,,,0.593,0.55,3435.0,5205.0,,
400T200-97,T,4.0,2.0,97,0.1017,33/50,0.811,2.76,2.364,1.085,1.707,0.318,0.626,0.0027973,1.022,-1.192,0.715,2.174,0.699,,2.365,2.275,19.47,27.41,,,0.985,0.915,4842.0,7337.0,,
550T125-27,T,5.5,1.25,27,0.0283,33,0.226,0.77,0.948,0.336,2.046,0.027,0.348,6.0400000000000004e-05,0.16,-0.543,0.352,2.146,0.936,,0.786,,3.79,,,,0.192,,372.0,,,
550T125-30,T,5.5,1.25,30,0.0312,33,0.25,0.85,1.045,0.371,2.047,0.03,0.347,8.1e-05,0.176,-0.542,0.351,2.145,0.936,,0.897,,4.48,,,,0.227,,499.0,,,
550T125-33,T,5.5,1.25,33,0.0346,33,0.277,0.94,1.159,0.411,2.047,0.033,0.346,0.0001104,0.195,-0.541,0.35,2.145,0.936,,1.029,,5.33,,,,0.27,,680.0,,,
550T125-43,T,5.5,1.25,43,0.0451,33,0.36,1.23,1.51,0.534,2.047,0.043,0.344,0.0002443,0.252,-0.537,0.348,2.144,0.937,,1.429,,8.24,,,,0.417,,1504.0,,,
550T125-54,T,5.5,1.25,54,0.0566,33/50,0.452,1.54,1.904,0.668,2.052,0.053,0.342,0.0004828,0.315,-0.532,0.345,2.147,0.939,,1.863,1.813,11.82,16.03,,,0.598,0.535,2740.0,2980.0,,
550T125-68,T,5.5,1.25,68,0.0713,33/50,0.569,1.94,2.413,0.839,2.059,0.066,0.34,0.0009647,0.397,-0.526,0.341,2.152,0.94,,2.413,2.382,15.97,23.06,,,0.808,0.77,4348.0,5352.0,,
550T125-97,T,5.5,1.25,97,0.1017,33/50,0.811,2.76,3.484,1.19,2.072,0.09,0.334,0.0027973,0.564,-0.514,0.333,2.161,0.943,,3.485,3.485,26.88,39.31,,,1.19,1.19,6730.0,10197.0,,
550T150-27,T,5.5,1.5,27,0.0283,33,0.241,0.82,1.059,0.376,2.099,0.046,0.436,6.419999999999999e-05,0.263,-0.716,0.456,2.26,0.9,,0.893,,4.1,,,,0.208,,372.0,,,
550T150-30,T,5.5,1.5,30,0.0312,33,0.265,0.9,1.168,0.414,2.099,0.05,0.435,8.599999999999999e-05,0.289,-0.715,0.455,2.259,0.9,,0.995,,4.97,,,,0.252,,499.0,,,
550T150-33,T,5.5,1.5,33,0.0346,33,0.294,1.0,1.295,0.459,2.099,0.055,0.434,0.0001173,0.32,-0.714,0.455,2.259,0.9,,1.115,,6.13,,,,0.31,,680.0,,,
550T150-43,T,5.5,1.5,43,0.0451,33,0.383,1.3,1.688,0.596,2.1,0.072,0.432,0.0002596,0.414,-0.709,0.452,2.258,0.901,,1.517,,9.26,,,,0.469,,1504.0,,,
550T150-54,T,5.5,1.5,54,0.0566,33/50,0.48,1.63,2.129,0.747,2.105,0.089,0.43,0.000513,0.519,-0.704,0.449,2.261,0.903,,2.007,1.93,12.43,17.83,,,0.629,0.595,2740.0,2980.0,,
550T150-68,T,5.5,1.5,68,0.0713,33/50,0.605,2.06,2.7,0.939,2.113,0.111,0.427,0.0010251,0.655,-0.698,0.445,2.266,0.905,,2.663,2.572,16.83,24.12,,,0.852,0.805,4348.0,5352.0,,
550T150-97,T,5.5,1.5,97,0.1017,33/50,0.862,2.93,3.905,1.334,2.128,0.153,0.421,0.0029725999999999997,0.937,-0.684,0.436,2.275,0.909,,3.906,3.906,28.14,38.37,,,1.334,1.282,6730.0,10197.0,,
550T200-33,T,5.5,2.0,33,0.0346,33,0.329,1.12,1.567,0.555,2.184,0.123,0.613,0.0001311,0.694,-1.088,0.674,2.516,0.813,,1.246,,6.07,,,,0.307,,680.0,,,
550T200-43,T,5.5,2.0,43,0.0451,33,0.428,1.46,2.044,0.722,2.185,0.16,0.611,0.0002902,0.9,-1.083,0.671,2.514,0.814,,1.691,,9.8,,,,0.496,,1504.0,,,
550T200-54,T,5.5,2.0,54,0.0566,33/50,0.537,1.83,2.579,0.905,2.191,0.199,0.609,0.0005734000000000001,1.133,-1.077,0.668,2.517,0.817,,2.256,2.155,13.23,18.88,,,0.67,0.631,2740.0,2980.0,,
550T200-68,T,5.5,2.0,68,0.0713,33/50,0.676,2.3,3.275,1.139,2.201,0.248,0.606,0.0011458999999999998,1.434,-1.07,0.663,2.521,0.82,,3.031,2.898,18.09,25.72,,,0.916,0.859,4348.0,5352.0,,
550T200-97,T,5.5,2.0,97,0.1017,33/50,0.964,3.28,4.747,1.621,2.219,0.347,0.6,0.0033232,2.067,-1.055,0.653,2.529,0.826,,4.742,4.574,29.39,41.76,,,1.487,1.395,6730.0,10197.0,,
600T125-27,T,6.0,1.25,27,0.0283,33,0.241,0.82,1.169,0.381,2.204,0.028,0.34,6.419999999999999e-05,0.196,-0.519,0.339,2.29,0.949,,0.958,,3.48,,,,0.211,,341.0,,,
600T125-30,T,6.0,1.25,30,0.0312,33,0.265,0.9,1.288,0.42,2.204,0.031,0.34,8.599999999999999e-05,0.215,-0.518,0.338,2.29,0.949,,1.095,,4.92,,,,0.249,,456.0,,,
600T125-33,T,6.0,1.25,33,0.0346,33,0.294,1.0,1.429,0.465,2.205,0.034,0.339,0.0001173,0.238,-0.516,0.337,2.289,0.949,,1.258,,5.87,,,,0.297,,622.0,,,
600T125-43,T,6.0,1.25,43,0.0451,33,0.383,1.3,1.862,0.604,2.205,0.044,0.337,0.0002596,0.307,-0.513,0.335,2.289,0.95,,1.769,,9.12,,,,0.462,,1377.0,,,
600T125-54,T,6.0,1.25,54,0.0566,33/50,0.48,1.63,2.345,0.757,2.209,0.054,0.335,0.000513,0.384,-0.508,0.332,2.292,0.951,,2.301,2.242,13.17,17.76,,,0.666,0.593,2728.0,2728.0,,
600T125-68,T,6.0,1.25,68,0.0713,33/50,0.605,2.06,2.97,0.951,2.216,0.067,0.332,0.0010251,0.483,-0.503,0.329,2.296,0.952,,2.97,2.936,18.12,25.74,,,0.917,0.86,4348.0,5352.0,,
600T125-97,T,6.0,1.25,97,0.1017,33/50,0.862,2.93,4.282,1.348,2.229,0.092,0.327,0.0029725999999999997,0.685,-0.491,0.321,2.305,0.955,,4.282,4.282,30.44,44.43,,,1.348,1.348,7359.0,10888.0,,
600T150-27,T,6.0,1.5,27,0.0283,33,0.255,0.87,1.301,0.424,2.26,0.047,0.427,6.8e-05,0.32,-0.686,0.441,2.4,0.918,,1.012,,3.53,,,,0.214,,341.0,,,
600T150-30,T,6.0,1.5,30,0.0312,33,0.281,0.96,1.434,0.467,2.26,0.051,0.427,9.11e-05,0.352,-0.685,0.44,2.4,0.918,,1.159,,5.01,,,,0.254,,456.0,,,
600T150-33,T,6.0,1.5,33,0.0346,33,0.311,1.06,1.59,0.517,2.26,0.057,0.426,0.0001242,0.39,-0.684,0.439,2.4,0.919,,1.335,,5.99,,,,0.303,,622.0,,,
600T150-43,T,6.0,1.5,43,0.0451,33,0.405,1.38,2.073,0.673,2.261,0.073,0.424,0.00027489999999999996,0.504,-0.68,0.437,2.399,0.92,,1.891,,9.37,,,,0.474,,1377.0,,,
600T150-54,T,6.0,1.5,54,0.0566,33/50,0.509,1.73,2.612,0.843,2.266,0.091,0.422,0.0005432,0.632,-0.675,0.434,2.402,0.921,,2.475,2.402,13.64,18.27,,,0.69,0.61,2728.0,2728.0,,
600T150-68,T,6.0,1.5,68,0.0713,33/50,0.641,2.18,3.31,1.059,2.273,0.113,0.419,0.0010854999999999999,0.797,-0.669,0.43,2.406,0.923,,3.265,3.165,19.06,26.72,,,0.965,0.893,4348.0,5352.0,,
600T150-97,T,6.0,1.5,97,0.1017,33/50,0.913,3.11,4.78,1.504,2.288,0.156,0.414,0.0031479,1.138,-0.656,0.421,2.416,0.926,,4.78,4.78,31.69,43.33,,,1.504,1.447,7359.0,10888.0,,
600T200-33,T,6.0,2.0,33,0.0346,33,0.346,1.18,1.913,0.623,2.352,0.126,0.604,0.00013800000000000002,0.847,-1.048,0.655,2.645,0.843,,1.542,,6.59,,,,0.334,,622.0,,,
600T200-43,T,6.0,2.0,43,0.0451,33,0.451,1.53,2.494,0.81,2.353,0.163,0.602,0.0003055,1.098,-1.044,0.652,2.644,0.844,,2.077,,11.17,,,,0.565,,1377.0,,,
600T200-54,T,6.0,2.0,54,0.0566,33/50,0.565,1.92,3.146,1.015,2.359,0.203,0.6,0.0006037,1.381,-1.038,0.649,2.646,0.846,,2.762,2.643,15.02,21.51,,,0.76,0.718,2728.0,2728.0,,
600T200-68,T,6.0,2.0,68,0.0713,33/50,0.712,2.42,3.991,1.277,2.368,0.254,0.597,0.0012063999999999998,1.746,-1.031,0.644,2.651,0.849,,3.7,3.544,20.46,29.17,,,1.035,0.974,4348.0,5352.0,,
600T200-97,T,6.0,2.0,97,0.1017,33/50,1.015,3.45,5.774,1.817,2.385,0.355,0.591,0.0034985,2.51,-1.016,0.635,2.659,0.854,,5.766,5.567,33.03,47.07,,,1.672,1.572,7359.0,10888.0,,
800T125-33,T,8.0,1.25,33,0.0346,33,0.363,1.24,2.897,0.711,2.824,0.036,0.313,0.0001449,0.456,-0.439,0.294,2.875,0.977,,2.441,,6.71,,,,0.407,,465.0,,,
800T125-43,T,8.0,1.25,43,0.0451,33,0.473,1.61,3.774,0.925,2.824,0.046,0.311,0.0003208,0.589,-0.436,0.292,2.875,0.977,,3.484,,12.66,,,,0.641,,1030.0,,,
800T125-54,T,8.0,1.25,54,0.0566,33/50,0.594,2.02,4.747,1.158,2.828,0.057,0.309,0.0006339000000000001,0.735,-0.432,0.289,2.877,0.977,,4.669,4.427,18.6,24.69,,,0.941,0.825,2039.0,2039.0,,
800T125-68,T,8.0,1.25,68,0.0713,33/50,0.748,2.54,6.0,1.455,2.833,0.07,0.307,0.0012668,0.92,-0.427,0.286,2.881,0.978,,5.999,5.958,26.84,36.44,,,1.358,1.217,4086.0,4086.0,,
800T125-97,T,8.0,1.25,97,0.1017,33/50,1.066,3.63,8.617,2.062,2.844,0.097,0.301,0.0036738,1.296,-0.417,0.279,2.89,0.979,,8.615,8.615,46.58,64.03,,,2.062,2.062,8846.0,10888.0,,
800T150-33,T,8.0,1.5,33,0.0346,33,0.38,1.29,3.181,0.781,2.892,0.06,0.397,0.0001518,0.751,-0.588,0.388,2.977,0.961,,2.569,,6.83,,,,0.414,,465.0,,,
800T150-43,T,8.0,1.5,43,0.0451,33,0.496,1.69,4.145,1.016,2.892,0.077,0.395,0.0003361,0.972,-0.584,0.386,2.977,0.961,,3.69,,12.96,,,,0.656,,1030.0,,,
800T150-54,T,8.0,1.5,54,0.0566,33/50,0.622,2.12,5.216,1.272,2.896,0.096,0.393,0.0006641,1.215,-0.58,0.383,2.98,0.962,,4.978,4.694,19.17,25.29,,,0.97,0.845,2039.0,2039.0,,
800T150-68,T,8.0,1.5,68,0.0713,33/50,0.783,2.66,6.596,1.599,2.902,0.119,0.39,0.0013272,1.526,-0.575,0.379,2.984,0.963,,6.531,6.364,27.94,37.63,,,1.414,1.257,4086.0,4086.0,,
800T150-97,T,8.0,1.5,97,0.1017,33/50,1.116,3.8,9.483,2.27,2.914,0.165,0.385,0.0038491,2.162,-0.564,0.372,2.993,0.965,,9.481,9.481,47.62,65.71,,,2.269,2.195,8846.0,10888.0,,
800T200-33,T,8.0,2.0,33,0.0346,33,0.415,1.41,3.75,0.921,3.006,0.135,0.571,0.0001656,1.638,-0.917,0.589,3.194,0.918,,2.788,,6.99,,,,0.424,,465.0,,,
800T200-43,T,8.0,2.0,43,0.0451,33,0.541,1.84,4.888,1.198,3.006,0.175,0.569,0.0003667,2.124,-0.913,0.587,3.193,0.918,,4.044,,13.37,,,,0.676,,1030.0,,,
800T200-54,T,8.0,2.0,54,0.0566,33/50,0.679,2.31,6.154,1.501,3.012,0.218,0.567,0.0007245,2.664,-0.908,0.584,3.196,0.919,,5.508,5.152,19.96,26.12,,,1.01,0.873,2039.0,2039.0,,
800T200-68,T,8.0,2.0,68,0.0713,33/50,0.854,2.91,7.789,1.888,3.019,0.272,0.564,0.0014479999999999999,3.357,-0.902,0.58,3.201,0.921,,7.311,7.056,29.49,39.28,,,1.492,1.312,4086.0,4086.0,,
800T200-97,T,8.0,2.0,97,0.1017,33/50,1.218,4.14,11.215,2.684,3.034,0.379,0.558,0.0041998,4.792,-0.889,0.571,3.211,0.923,,11.187,10.844,49.3,70.41,,,2.495,2.352,8846.0,10888.0,,
1000T125-43,T,10.0,1.25,43,0.0451,33,0.563,1.92,6.633,1.306,3.431,0.047,0.29,0.0003819,0.973,-0.379,0.259,3.465,0.988,,5.886,,13.53,,,,0.82,,822.0,,,
1000T125-54,T,10.0,1.25,54,0.0566,33/50,0.707,2.4,8.337,1.635,3.434,0.059,0.288,0.0007548,1.212,-0.376,0.256,3.467,0.988,,7.961,7.48,24.05,31.62,,,1.217,1.056,1627.0,1627.0,,
1000T125-68,T,10.0,1.25,68,0.0713,33/50,0.89,3.03,10.526,2.054,3.439,0.073,0.286,0.0015084,1.515,-0.372,0.253,3.471,0.989,,10.451,10.157,35.22,47.19,,,1.782,1.576,3260.0,3260.0,,
1000T125-97,T,10.0,1.25,97,0.1017,33/50,1.269,4.32,15.083,2.913,3.448,0.1,0.281,0.0043751,2.123,-0.363,0.247,3.478,0.989,,15.079,15.079,57.45,82.45,,,2.907,2.754,8846.0,9505.0,,
1000T150-43,T,10.0,1.5,43,0.0451,33,0.586,1.99,7.21,1.419,3.508,0.08,0.37,0.0003972,1.612,-0.513,0.345,3.565,0.979,,6.196,,13.82,,,,0.837,,822.0,,,
1000T150-54,T,10.0,1.5,54,0.0566,33/50,0.735,2.5,9.065,1.778,3.512,0.1,0.368,0.000785,2.013,-0.509,0.342,3.567,0.98,,8.433,7.881,24.71,32.32,,,1.25,1.08,1627.0,1627.0,,
1000T150-68,T,10.0,1.5,68,0.0713,33/50,0.926,3.15,11.45,2.234,3.517,0.124,0.366,0.0015688,2.522,-0.505,0.339,3.572,0.98,,11.345,10.778,36.52,48.58,,,1.848,1.623,3260.0,3260.0,,
1000T150-97,T,10.0,1.5,97,0.1017,33/50,1.32,4.49,16.42,3.171,3.527,0.172,0.361,0.0045504,3.557,-0.495,0.332,3.58,0.981,,16.416,16.416,62.55,87.0,,,3.166,2.906,8846.0,9505.0,,
1000T200-43,T,10.0,2.0,43,0.0451,33,0.631,2.15,8.364,1.646,3.641,0.183,0.539,0.0004278,3.54,-0.813,0.534,3.769,0.953,,6.723,,14.21,,,,0.861,,822.0,,,
1000T200-54,T,10.0,2.0,54,0.0566,33/50,0.792,2.69,10.52,2.063,3.645,0.228,0.537,0.0008454000000000001,4.434,-0.809,0.531,3.772,0.954,,9.233,8.563,25.62,33.29,,,1.297,1.112,1627.0,1627.0,,
1000T200-68,T,10.0,2.0,68,0.0713,33/50,0.997,3.39,13.296,2.595,3.652,0.284,0.534,0.0016896,5.576,-0.803,0.527,3.777,0.955,,12.556,11.824,38.31,50.48,,,1.939,1.686,3260.0,3260.0,,
1000T200-97,T,10.0,2.0,97,0.1017,33/50,1.422,4.84,19.093,3.687,3.665,0.397,0.528,0.004901,7.924,-0.791,0.519,3.786,0.956,,19.043,18.595,67.81,92.39,,,3.432,3.086,8846.0,9505.0,,
1200T125-54,T,12.0,1.25,54,0.0566,33/50,0.82,2.79,13.341,2.187,4.034,0.06,0.271,0.0008756,1.82,-0.333,0.23,4.056,0.993,,12.295,11.46,24.63,32.18,,,1.493,1.287,1354.0,1354.0,,
1200T125-68,T,12.0,1.25,68,0.0713,33/50,1.033,3.51,16.834,2.749,4.037,0.074,0.268,0.0017501,2.27,-0.329,0.227,4.06,0.993,,16.243,15.688,43.64,57.95,,,2.208,1.935,2712.0,2712.0,,
1200T125-97,T,12.0,1.25,97,0.1017,33/50,1.472,5.01,24.09,3.899,4.045,0.102,0.264,0.0050763,3.171,-0.322,0.222,4.066,0.994,,24.081,23.751,72.93,103.09,,,3.691,3.443,7901.0,7901.0,,
1200T150-54,T,12.0,1.5,54,0.0566,33/50,0.848,2.89,14.384,2.358,4.118,0.103,0.348,0.0009059000000000001,3.033,-0.454,0.31,4.157,0.988,,12.962,12.021,25.26,32.85,,,1.531,1.314,1354.0,1354.0,,
1200T150-68,T,12.0,1.5,68,0.0713,33/50,1.068,3.63,18.156,2.964,4.122,0.127,0.345,0.0018105,3.795,-0.45,0.307,4.161,0.988,,17.571,16.568,45.12,59.53,,,2.283,1.988,2712.0,2712.0,,
1200T150-97,T,12.0,1.5,97,0.1017,33/50,1.523,5.18,25.999,4.208,4.131,0.176,0.34,0.0052515999999999995,5.335,-0.441,0.301,4.169,0.989,,25.99,25.717,78.99,108.38,,,3.997,3.62,7901.0,7901.0,,
1200T200-54,T,12.0,2.0,54,0.0566,33/50,0.905,3.08,16.47,2.7,4.266,0.236,0.51,0.0009663,6.714,-0.73,0.487,4.358,0.972,,14.079,12.961,26.12,33.77,,,1.583,1.351,1354.0,1354.0,,
1200T200-68,T,12.0,2.0,68,0.0713,33/50,1.14,3.88,20.799,3.396,4.272,0.294,0.508,0.0019313,8.431,-0.725,0.483,4.363,0.972,,19.283,18.029,47.14,61.68,,,2.386,2.06,2712.0,2712.0,,
1200T200-97,T,12.0,2.0,97,0.1017,33/50,1.625,5.53,29.816,4.826,4.284,0.41,0.502,0.0056022,11.945,-0.714,0.476,4.372,0.973,,29.808,28.971,85.02,114.5,,,4.303,3.824,7901.0,7901.0,,
1200T200-118,T,12.0,2.0,118,0.1242,33/50,1.984,6.75,36.544,5.878,4.292,0.492,0.498,0.0102007,14.513,-0.706,0.471,4.378,0.974,,36.535,36.535,114.62,158.23,,,5.8,5.285,13193.0,14431.0,,
1400T125-54,T,14.0,1.25,54,0.0566,33/50,0.933,3.17,19.987,2.815,4.628,0.061,0.256,0.0009965,2.559,-0.299,0.209,4.645,0.996,,17.722,16.406,29.17,37.95,,,1.768,1.518,1160.0,1160.0,,
1400T125-68,T,14.0,1.25,68,0.0713,33/50,1.175,4.0,25.208,3.538,4.631,0.076,0.254,0.0019917,3.189,-0.296,0.206,4.648,0.996,,23.549,22.618,52.04,68.69,,,2.634,2.294,2322.0,2322.0,,
1400T125-97,T,14.0,1.25,97,0.1017,33/50,1.676,5.7,36.043,5.021,4.638,0.104,0.249,0.0057776,4.444,-0.289,0.201,4.653,0.996,,35.773,34.586,88.55,123.81,,,4.481,4.135,6759.0,6759.0,,
1400T125-118,T,14.0,1.25,118,0.1242,33/50,2.046,6.96,44.09,6.109,4.642,0.124,0.246,0.0105201,5.334,-0.284,0.197,4.657,0.996,,44.073,43.751,115.7,163.32,,,5.855,5.455,12342.0,12342.0,,
1400T150-54,T,14.0,1.5,54,0.0566,33/50,0.962,3.27,21.402,3.015,4.718,0.105,0.33,0.0010267,4.28,-0.41,0.283,4.747,0.993,,18.619,17.15,29.88,38.71,,,1.811,1.548,1160.0,1160.0,,
1400T150-68,T,14.0,1.5,68,0.0713,33/50,1.211,4.12,27.0,3.79,4.722,0.13,0.328,0.0020521,5.349,-0.407,0.28,4.751,0.993,,25.412,23.803,53.72,70.47,,,2.719,2.354,2322.0,2322.0,,
1400T150-97,T,14.0,1.5,97,0.1017,33/50,1.727,5.87,38.626,5.381,4.73,0.18,0.323,0.0059529,7.503,-0.399,0.275,4.757,0.993,,38.338,37.28,95.54,129.82,,,4.835,4.336,6759.0,6759.0,,
1400T150-118,T,14.0,1.5,118,0.1242,33/50,2.108,7.17,47.269,6.549,4.735,0.215,0.319,0.010839399999999999,9.048,-0.393,0.27,4.762,0.993,,47.252,46.91,124.34,176.28,,,6.292,5.888,12342.0,12342.0,,
1400T200-54,T,14.0,2.0,54,0.0566,33/50,1.018,3.46,24.232,3.413,4.879,0.242,0.487,0.0010872,9.52,-0.665,0.449,4.948,0.982,,20.099,18.385,30.85,39.75,,,1.87,1.59,1160.0,1160.0,,
1400T200-68,T,14.0,2.0,68,0.0713,33/50,1.282,4.36,30.583,4.293,4.884,0.301,0.485,0.0021728999999999997,11.942,-0.661,0.446,4.952,0.982,,27.708,25.741,55.97,72.87,,,2.833,2.434,2322.0,2322.0,,
1400T200-97,T,14.0,2.0,97,0.1017,33/50,1.828,6.22,43.791,6.101,4.894,0.42,0.479,0.0063035,16.883,-0.651,0.439,4.96,0.983,,43.676,41.762,102.34,136.62,,,5.179,4.563,6759.0,6759.0,,
1400T200-118,T,14.0,2.0,118,0.1242,33/50,2.232,7.59,53.628,7.43,4.901,0.505,0.476,0.011478,20.479,-0.644,0.434,4.966,0.983,,53.611,53.45,139.69,190.46,,,7.069,6.361,12342.0,12342.0,,
1600T125-54,T,16.0,1.25,54,0.0566,33/50,1.046,3.56,28.5,3.519,5.219,0.062,0.243,0.0011174,3.432,-0.272,0.191,5.232,0.997,,24.283,22.345,33.71,43.72,,,2.043,1.749,1014.0,1014.0,,
1600T125-68,T,16.0,1.25,68,0.0713,33/50,1.318,4.48,35.935,4.423,5.222,0.077,0.241,0.0022332999999999997,4.273,-0.268,0.189,5.234,0.997,,32.434,31.0,50.48,66.32,,,3.059,2.653,2029.0,2029.0,,
1600T125-97,T,16.0,1.25,97,0.1017,33/50,1.879,6.39,51.349,6.279,5.227,0.105,0.237,0.0064788,5.945,-0.262,0.184,5.239,0.997,,49.84,47.826,104.22,144.5,,,5.274,4.826,5906.0,5906.0,,
1600T125-118,T,16.0,1.25,118,0.1242,33/50,2.294,7.81,62.789,7.641,5.231,0.125,0.234,0.0117973,7.126,-0.257,0.181,5.243,0.998,,62.761,60.926,137.65,192.27,,,6.966,6.422,10781.0,10781.0,,
1600T150-54,T,16.0,1.5,54,0.0566,33/50,1.075,3.66,30.343,3.747,5.314,0.106,0.314,0.0011476,5.757,-0.374,0.26,5.336,0.995,,25.443,23.298,34.5,44.56,,,2.091,1.783,1014.0,1014.0,,
1600T150-68,T,16.0,1.5,68,0.0713,33/50,1.354,4.6,38.268,4.71,5.317,0.132,0.312,0.0022938,7.188,-0.371,0.258,5.339,0.995,,34.941,32.535,52.03,67.97,,,3.154,2.719,2029.0,2029.0,,
1600T150-97,T,16.0,1.5,97,0.1017,33/50,1.93,6.57,54.708,6.69,5.324,0.183,0.308,0.0066541,10.066,-0.363,0.253,5.345,0.995,,53.168,51.376,112.15,151.22,,,5.676,5.051,5906.0,5906.0,,
1600T150-118,T,16.0,1.5,118,0.1242,33/50,2.356,8.02,66.919,8.144,5.329,0.218,0.304,0.0121166,12.124,-0.358,0.249,5.35,0.996,,66.892,65.02,147.44,206.98,,,7.461,6.913,10781.0,10781.0,,
1600T200-54,T,16.0,2.0,54,0.0566,33/50,1.131,3.85,34.03,4.202,5.485,0.246,0.467,0.0012081,12.864,-0.612,0.417,5.538,0.988,,27.332,24.86,35.57,45.71,,,2.156,1.828,1014.0,1014.0,,
1600T200-68,T,16.0,2.0,68,0.0713,33/50,1.425,4.85,42.933,5.284,5.489,0.307,0.464,0.0024146000000000003,16.123,-0.607,0.414,5.542,0.988,,37.905,35.012,54.11,70.19,,,3.28,2.808,2029.0,2029.0,,
1600T200-97,T,16.0,2.0,97,0.1017,33/50,2.032,6.91,61.425,7.511,5.498,0.428,0.459,0.0070047,22.755,-0.598,0.408,5.55,0.988,,60.192,57.306,119.71,158.77,,,6.058,5.303,5906.0,5906.0,,
1600T200-118,T,16.0,2.0,118,0.1242,33/50,2.481,8.44,75.179,9.149,5.505,0.515,0.455,0.0127552,27.568,-0.592,0.403,5.556,0.989,,75.152,73.606,164.77,222.78,,,8.338,7.441,10781.0,10781.0,,
075U050-54,U,0.75,0.5,54,0.0566,33,0.087,0.296,0.007,,0.289,0.002,0.156,,,,,,,,0.007,,0.459,,,,0.019,,327.0,,,
150U050-54,U,1.5,0.5,54,0.0566,33,0.13,0.441,0.039,,0.549,0.003,0.146,,,,,,,,0.039,,1.23,,,,0.052,,852.0,,,
200U050-54,U,2.0,0.5,54,0.0566,33,0.158,0.537,0.08,,0.711,0.003,0.137,,,,,,,,0.08,,1.883,,,,0.08,,1203.0,,,
250U050-54,U,2.5,0.5,54,0.0566,33,0.186,0.633,0.14,,0.868,0.003,0.13,,,,,,,,0.14,,2.648,,,,0.112,,1553.0,,,
