member,Fy,span_in,total_asd_plf,live_asd_plf
600S162-33,33,72,168.0,168.0
600S162-33,33,84,124.0,124.0
600S162-33,33,96,95.0,95.0
600S162-33,33,108,75.0,75.0
600S162-33,33,120,61.0,61.0
600S162-33,33,132,50.0,50.0
600S162-33,33,144,42.0,42.0
600S162-33,33,156,36.0,36.0
600S162-33,33,168,31.0,29.0
600S162-33,33,180,27.0,23.0
600S162-33,33,192,24.0,19.0
600S162-33,33,204,21.0,16.0
600S162-33,33,216,19.0,13.0
600S162-33,33,228,17.0,11.0
600S162-33,33,240,15.0,10.0
600S162-33,33,252,13.0,7.0
600S162-33,33,264,11.0,6.0
600S200-33,33,72,193.0,193.0
600S200-33,33,84,142.0,142.0
600S200-33,33,96,109.0,109.0
600S200-33,33,108,86.0,86.0
600S200-33,33,120,70.0,70.0
600S200-33,33,132,57.0,57.0
600S200-33,33,144,48.0,48.0
600S200-33,33,156,41.0,41.0
600S200-33,33,168,35.0,33.0
600S200-33,33,180,31.0,27.0
600S200-33,33,192,27.0,22.0
600S200-33,33,204,24.0,18.0
600S200-33,33,216,21.0,15.0
600S200-33,33,228,19.0,13.0
600S200-33,33,240,17.0,11.0
600S200-33,33,252,14.0,8.0
600S200-33,33,264,12.0,7.0
600S162-43,33,72,252.0,252.0
600S162-43,33,84,185.0,185.0
600S162-43,33,96,142.0,142.0
600S162-43,33,108,112.0,112.0
600S162-43,33,120,91.0,91.0
600S162-43,33,132,75.0,75.0
600S162-43,33,144,63.0,59.0
600S162-43,33,156,54.0,46.0
600S162-43,33,168,46.0,37.0
600S162-43,33,180,40.0,30.0
600S162-43,33,192,35.0,25.0
600S162-43,33,204,31.0,21.0
600S162-43,33,216,28.0,17.0
600S162-43,33,228,25.0,15.0
600S162-43,33,240,23.0,13.0
600S162-43,33,252,19.0,10.0
600S162-43,33,264,16.0,7.0
600S200-43,33,72,276.0,276.0
600S200-43,33,84,203.0,203.0
600S200-43,33,96,155.0,155.0
600S200-43,33,108,123.0,123.0
600S200-43,33,120,99.0,99.0
600S200-43,33,132,82.0,82.0
600S200-43,33,144,69.0,68.0
600S200-43,33,156,59.0,53.0
600S200-43,33,168,51.0,43.0
600S200-43,33,180,44.0,35.0
600S200-43,33,192,39.0,29.0
600S200-43,33,204,34.0,24.0
600S200-43,33,216,31.0,20.0
600S200-43,33,228,27.0,17.0
600S200-43,33,240,25.0,15.0
600S200-43,33,252,21.0,11.0
600S200-43,33,264,17.0,8.0
600S250-43,33,72,291.0,291.0
600S250-43,33,84,214.0,214.0
600S250-43,33,96,164.0,164.0
600S250-43,33,108,129.0,129.0
600S250-43,33,120,105.0,105.0
600S250-43,33,132,87.0,87.0
600S250-43,33,144,73.0,73.0
600S250-43,33,156,62.0,61.0
600S250-43,33,168,53.0,49.0
600S250-43,33,180,47.0,40.0
600S250-43,33,192,41.0,33.0
600S250-43,33,204,36.0,27.0
600S250-43,33,216,32.0,23.0
600S250-43,33,228,29.0,20.0
600S250-43,33,240,26.0,17.0
600S250-43,33,252,22.0,13.0
600S250-43,33,264,18.0,10.0
600S162-54,50,72,426.0,426.0
600S162-54,50,84,313.0,313.0
600S162-54,50,96,240.0,240.0
600S162-54,50,108,189.0,172.0
600S162-54,50,120,153.0,125.0
600S162-54,50,132,127.0,94.0
600S162-54,50,144,107.0,72.0
600S162-54,50,156,91.0,57.0
600S162-54,50,168,78.0,46.0
600S162-54,50,180,68.0,37.0
600S162-54,50,192,60.0,31.0
600S162-54,50,204,53.0,25.0
600S162-54,50,216,47.0,21.0
600S162-54,50,228,43.0,18.0
600S162-54,50,240,38.0,16.0
600S162-54,50,252,32.0,12.0
600S162-54,50,264,27.0,9.0
600S200-54,50,72,487.0,487.0
600S200-54,50,84,358.0,358.0
600S200-54,50,96,274.0,274.0
600S200-54,50,108,217.0,199.0
600S200-54,50,120,175.0,145.0
600S200-54,50,132,145.0,109.0
600S200-54,50,144,122.0,84.0
600S200-54,50,156,104.0,66.0
600S200-54,50,168,90.0,53.0
600S200-54,50,180,78.0,43.0
600S200-54,50,192,69.0,35.0
600S200-54,50,204,61.0,30.0
600S200-54,50,216,54.0,25.0
600S200-54,50,228,49.0,21.0
600S200-54,50,240,44.0,18.0
600S200-54,50,252,36.0,14.0
600S200-54,50,264,30.0,10.0
600S250-54,50,72,513.0,513.0
600S250-54,50,84,377.0,377.0
600S250-54,50,96,289.0,289.0
600S250-54,50,108,228.0,226.0
600S250-54,50,120,185.0,165.0
600S250-54,50,132,153.0,124.0
600S250-54,50,144,128.0,95.0
600S250-54,50,156,109.0,75.0
600S250-54,50,168,94.0,60.0
600S250-54,50,180,82.0,49.0
600S250-54,50,192,72.0,40.0
600S250-54,50,204,64.0,34.0
600S250-54,50,216,57.0,28.0
600S250-54,50,228,51.0,24.0
600S250-54,50,240,46.0,21.0
600S250-54,50,252,38.0,15.0
600S250-54,50,264,32.0,12.0
600S162-68,50,72,612.0,612.0
600S162-68,50,84,450.0,449.0
600S162-68,50,96,344.0,301.0
600S162-68,50,108,272.0,211.0
600S162-68,50,120,220.0,154.0
600S162-68,50,132,182.0,116.0
600S162-68,50,144,153.0,89.0
600S162-68,50,156,130.0,70.0
600S162-68,50,168,112.0,56.0
600S162-68,50,180,98.0,46.0
600S162-68,50,192,86.0,38.0
600S162-68,50,204,76.0,31.0
600S162-68,50,216,68.0,26.0
600S162-68,50,228,61.0,22.0
600S162-68,50,240,55.0,19.0
600S162-68,50,252,46.0,14.0
600S162-68,50,264,38.0,11.0
600S200-68,50,72,657.0,657.0
600S200-68,50,84,483.0,483.0
600S200-68,50,96,370.0,350.0
600S200-68,50,108,292.0,246.0
600S200-68,50,120,237.0,179.0
600S200-68,50,132,195.0,135.0
600S200-68,50,144,164.0,104.0
600S200-68,50,156,140.0,82.0
600S200-68,50,168,121.0,65.0
600S200-68,50,180,105.0,53.0
600S200-68,50,192,92.0,44.0
600S200-68,50,204,82.0,36.0
600S200-68,50,216,73.0,31.0
600S200-68,50,228,66.0,26.0
600S200-68,50,240,59.0,22.0
600S200-68,50,252,49.0,17.0
600S200-68,50,264,41.0,13.0
600S250-68,50,72,697.0,697.0
600S250-68,50,84,512.0,512.0
600S250-68,50,96,392.0,392.0
600S250-68,50,108,310.0,283.0
600S250-68,50,120,251.0,207.0
600S250-68,50,132,207.0,155.0
600S250-68,50,144,174.0,120.0
600S250-68,50,156,148.0,94.0
600S250-68,50,168,128.0,75.0
600S250-68,50,180,111.0,61.0
600S250-68,50,192,98.0,50.0
600S250-68,50,204,87.0,42.0
600S250-68,50,216,77.0,35.0
600S250-68,50,228,69.0,30.0
600S250-68,50,240,63.0,26.0
600S250-68,50,252,52.0,19.0
600S250-68,50,264,44.0,15.0
600S162-97,50,72,1005.0,971.0
600S162-97,50,84,738.0,612.0
600S162-97,50,96,565.0,410.0
600S162-97,50,108,447.0,288.0
600S162-97,50,120,362.0,210.0
600S162-97,50,132,299.0,158.0
600S162-97,50,144,251.0,121.0
600S162-97,50,156,214.0,95.0
600S162-97,50,168,185.0,76.0
600S162-97,50,180,161.0,62.0
600S162-97,50,192,141.0,51.0
600S162-97,50,204,125.0,43.0
600S162-97,50,216,112.0,36.0
600S162-97,50,228,100.0,31.0
600S162-97,50,240,90.0,26.0
600S162-97,50,252,75.0,20.0
600S162-97,50,264,63.0,15.0
600S200-97,50,72,1127.0,1127.0
600S200-97,50,84,828.0,715.0
600S200-97,50,96,634.0,479.0
600S200-97,50,108,501.0,337.0
600S200-97,50,120,406.0,245.0
600S200-97,50,132,335.0,184.0
600S200-97,50,144,282.0,142.0
600S200-97,50,156,240.0,112.0
600S200-97,50,168,207.0,89.0
600S200-97,50,180,180.0,73.0
600S200-97,50,192,158.0,60.0
600S200-97,50,204,140.0,50.0
600S200-97,50,216,125.0,42.0
600S200-97,50,228,112.0,36.0
600S200-97,50,240,101.0,31.0
600S200-97,50,252,84.0,23.0
600S200-97,50,264,70.0,18.0
600S250-97,50,72,1096.0,1096.0
600S250-97,50,84,805.0,805.0
600S250-97,50,96,616.0,555.0
600S250-97,50,108,487.0,390.0
600S250-97,50,120,395.0,284.0
600S250-97,50,132,326.0,213.0
600S250-97,50,144,274.0,164.0
600S250-97,50,156,233.0,129.0
600S250-97,50,168,201.0,104.0
600S250-97,50,180,175.0,84.0
600S250-97,50,192,154.0,69.0
600S250-97,50,204,137.0,58.0
600S250-97,50,216,122.0,49.0
600S250-97,50,228,109.0,41.0
600S250-97,50,240,99.0,36.0
600S250-97,50,252,82.0,27.0
600S250-97,50,264,68.0,21.0
800S162-43,33,72,326.0,326.0
800S162-43,33,84,240.0,240.0
800S162-43,33,96,184.0,184.0
800S162-43,33,108,145.0,145.0
800S162-43,33,120,117.0,117.0
800S162-43,33,132,97.0,97.0
800S162-43,33,144,82.0,82.0
800S162-43,33,156,70.0,70.0
800S162-43,33,168,60.0,60.0
800S162-43,33,180,52.0,52.0
800S162-43,33,192,46.0,46.0
800S162-43,33,204,41.0,40.0
800S162-43,33,216,36.0,34.0
800S162-43,33,228,33.0,29.0
800S162-43,33,240,29.0,25.0
800S162-43,33,252,24.0,18.0
800S162-43,33,264,20.0,14.0
800S162-54,50,72,580.0,580.0
800S162-54,50,84,426.0,426.0
800S162-54,50,96,326.0,326.0
800S162-54,50,108,258.0,258.0
800S162-54,50,120,209.0,209.0
800S162-54,50,132,173.0,173.0
800S162-54,50,144,145.0,142.0
800S162-54,50,156,124.0,112.0
800S162-54,50,168,107.0,89.0
800S162-54,50,180,93.0,73.0
800S162-54,50,192,82.0,60.0
800S162-54,50,204,72.0,50.0
800S162-54,50,216,64.0,42.0
800S162-54,50,228,58.0,36.0
800S162-54,50,240,52.0,31.0
800S162-54,50,252,43.0,23.0
800S162-54,50,264,36.0,18.0
800S200-54,50,72,667.0,667.0
800S200-54,50,84,490.0,490.0
800S200-54,50,96,375.0,375.0
800S200-54,50,108,296.0,296.0
800S200-54,50,120,240.0,240.0
800S200-54,50,132,198.0,198.0
800S200-54,50,144,167.0,166.0
800S200-54,50,156,142.0,131.0
800S200-54,50,168,122.0,105.0
800S200-54,50,180,107.0,85.0
800S200-54,50,192,94.0,70.0
800S200-54,50,204,83.0,58.0
800S200-54,50,216,74.0,49.0
800S200-54,50,228,67.0,42.0
800S200-54,50,240,60.0,36.0
800S200-54,50,252,50.0,27.0
800S200-54,50,264,42.0,21.0
800S162-68,50,72,794.0,794.0
800S162-68,50,84,584.0,584.0
800S162-68,50,96,447.0,447.0
800S162-68,50,108,353.0,353.0
800S162-68,50,120,286.0,286.0
800S162-68,50,132,236.0,232.0
800S162-68,50,144,199.0,179.0
800S162-68,50,156,169.0,141.0
800S162-68,50,168,146.0,113.0
800S162-68,50,180,127.0,92.0
800S162-68,50,192,112.0,75.0
800S162-68,50,204,99.0,63.0
800S162-68,50,216,88.0,53.0
800S162-68,50,228,79.0,45.0
800S162-68,50,240,71.0,39.0
800S162-68,50,252,59.0,29.0
800S162-68,50,264,50.0,22.0
800S200-68,50,72,910.0,910.0
800S200-68,50,84,668.0,668.0
800S200-68,50,96,512.0,512.0
800S200-68,50,108,404.0,404.0
800S200-68,50,120,328.0,328.0
800S200-68,50,132,271.0,267.0
800S200-68,50,144,227.0,206.0
800S200-68,50,156,194.0,162.0
800S200-68,50,168,167.0,130.0
800S200-68,50,180,146.0,105.0
800S200-68,50,192,128.0,87.0
800S200-68,50,204,113.0,72.0
800S200-68,50,216,101.0,61.0
800S200-68,50,228,91.0,52.0
800S200-68,50,240,82.0,44.0
800S200-68,50,252,68.0,33.0
800S200-68,50,264,57.0,26.0
800S250-68,50,72,960.0,960.0
800S250-68,50,84,705.0,705.0
800S250-68,50,96,540.0,540.0
800S250-68,50,108,427.0,427.0
800S250-68,50,120,346.0,346.0
800S250-68,50,132,286.0,286.0
800S250-68,50,144,240.0,234.0
800S250-68,50,156,205.0,184.0
800S250-68,50,168,176.0,147.0
800S250-68,50,180,154.0,120.0
800S250-68,50,192,135.0,99.0
800S250-68,50,204,120.0,82.0
800S250-68,50,216,107.0,69.0
800S250-68,50,228,96.0,59.0
800S250-68,50,240,86.0,51.0
800S250-68,50,252,71.0,38.0
800S250-68,50,264,60.0,29.0
800S162-97,50,72,1385.0,1385.0
800S162-97,50,84,1017.0,1017.0
800S162-97,50,96,779.0,779.0
800S162-97,50,108,615.0,583.0
800S162-97,50,120,498.0,425.0
800S162-97,50,132,412.0,319.0
800S162-97,50,144,346.0,246.0
800S162-97,50,156,295.0,193.0
800S162-97,50,168,254.0,155.0
800S162-97,50,180,222.0,126.0
800S162-97,50,192,195.0,104.0
800S162-97,50,204,172.0,86.0
800S162-97,50,216,154.0,73.0
800S162-97,50,228,138.0,62.0
800S162-97,50,240,125.0,53.0
800S162-97,50,252,103.0,40.0
800S162-97,50,264,87.0,31.0
800S200-97,50,72,1589.0,1589.0
800S200-97,50,84,1168.0,1168.0
800S200-97,50,96,894.0,894.0
800S200-97,50,108,706.0,672.0
800S200-97,50,120,572.0,490.0
800S200-97,50,132,473.0,368.0
800S200-97,50,144,397.0,283.0
800S200-97,50,156,339.0,223.0
800S200-97,50,168,292.0,178.0
800S200-97,50,180,254.0,145.0
800S200-97,50,192,224.0,120.0
800S200-97,50,204,198.0,100.0
800S200-97,50,216,177.0,84.0
800S200-97,50,228,159.0,71.0
800S200-97,50,240,143.0,61.0
800S200-97,50,252,118.0,46.0
800S200-97,50,264,99.0,35.0
800S250-97,50,72,1537.0,1537.0
800S250-97,50,84,1129.0,1129.0
800S250-97,50,96,865.0,865.0
800S250-97,50,108,683.0,683.0
800S250-97,50,120,553.0,553.0
800S250-97,50,132,457.0,420.0
800S250-97,50,144,384.0,324.0
800S250-97,50,156,327.0,254.0
800S250-97,50,168,282.0,204.0
800S250-97,50,180,246.0,166.0
800S250-97,50,192,216.0,136.0
800S250-97,50,204,192.0,114.0
800S250-97,50,216,171.0,96.0
800S250-97,50,228,153.0,82.0
800S250-97,50,240,138.0,70.0
800S250-97,50,252,114.0,53.0
800S250-97,50,264,96.0,40.0
800S162-118,50,72,1868.0,1868.0
800S162-118,50,84,1372.0,1372.0
800S162-118,50,96,1051.0,983.0
800S162-118,50,108,830.0,690.0
800S162-118,50,120,672.0,503.0
800S162-118,50,132,556.0,378.0
800S162-118,50,144,467.0,291.0
800S162-118,50,156,398.0,229.0
800S162-118,50,168,343.0,183.0
800S162-118,50,180,299.0,149.0
800S162-118,50,192,263.0,123.0
800S162-118,50,204,233.0,102.0
800S162-118,50,216,208.0,86.0
800S162-118,50,228,186.0,73.0
800S162-118,50,240,168.0,63.0
800S162-118,50,252,139.0,47.0
800S162-118,50,264,117.0,36.0
800S200-118,50,72,2080.0,2080.0
800S200-118,50,84,1528.0,1528.0
800S200-118,50,96,1170.0,1137.0
800S200-118,50,108,925.0,799.0
800S200-118,50,120,749.0,582.0
800S200-118,50,132,619.0,437.0
800S200-118,50,144,520.0,337.0
800S200-118,50,156,443.0,265.0
800S200-118,50,168,382.0,212.0
800S200-118,50,180,333.0,173.0
800S200-118,50,192,293.0,142.0
800S200-118,50,204,259.0,119.0
800S200-118,50,216,231.0,100.0
800S200-118,50,228,207.0,85.0
800S200-118,50,240,187.0,73.0
800S200-118,50,252,155.0,55.0
800S200-118,50,264,130.0,42.0
800S250-118,50,72,1982.0,1982.0
800S250-118,50,84,1456.0,1456.0
800S250-118,50,96,1115.0,1115.0
800S250-118,50,108,881.0,881.0
800S250-118,50,120,714.0,666.0
800S250-118,50,132,590.0,501.0
800S250-118,50,144,496.0,386.0
800S250-118,50,156,422.0,303.0
800S250-118,50,168,364.0,243.0
800S250-118,50,180,317.0,197.0
800S250-118,50,192,279.0,163.0
800S250-118,50,204,247.0,136.0
800S250-118,50,216,220.0,114.0
800S250-118,50,228,198.0,97.0
800S250-118,50,240,178.0,83.0
800S250-118,50,252,147.0,63.0
800S250-118,50,264,124.0,48.0
1000S162-43,33,72,100.0,100.0
1000S162-43,33,84,84.0,84.0
1000S162-43,33,96,71.0,71.0
1000S162-43,33,108,62.0,62.0
1000S162-43,33,120,54.0,54.0
1000S162-43,33,132,47.0,47.0
1000S162-43,33,144,42.0,42.0
1000S162-43,33,156,37.0,37.0
1000S162-43,33,168,33.0,33.0
1000S162-43,33,180,30.0,30.0
1000S162-43,33,192,25.0,25.0
1000S162-43,33,204,21.0,21.0
1000S162-43,33,216,18.0,18.0
1000S162-43,33,228,15.0,15.0
1000S162-43,33,240,13.0,12.0
1000S162-43,33,252,12.0,10.0
1000S162-43,33,264,10.0,8.0
1000S200-43,33,72,117.0,117.0
1000S200-43,33,84,98.0,98.0
1000S200-43,33,96,84.0,84.0
1000S200-43,33,108,72.0,72.0
1000S200-43,33,120,63.0,63.0
1000S200-43,33,132,55.0,55.0
1000S200-43,33,144,49.0,49.0
1000S200-43,33,156,44.0,44.0
1000S200-43,33,168,39.0,39.0
1000S200-43,33,180,35.0,35.0
1000S200-43,33,192,29.0,29.0
1000S200-43,33,204,25.0,25.0
1000S200-43,33,216,21.0,21.0
1000S200-43,33,228,18.0,17.0
1000S200-43,33,240,16.0,14.0
1000S200-43,33,252,14.0,11.0
1000S200-43,33,264,12.0,10.0
1000S162-54,50,72,213.0,213.0
1000S162-54,50,84,179.0,179.0
1000S162-54,50,96,153.0,153.0
1000S162-54,50,108,132.0,132.0
1000S162-54,50,120,115.0,115.0
1000S162-54,50,132,101.0,100.0
1000S162-54,50,144,89.0,84.0
1000S162-54,50,156,80.0,71.0
1000S162-54,50,168,71.0,60.0
1000S162-54,50,180,64.0,51.0
1000S162-54,50,192,53.0,39.0
1000S162-54,50,204,45.0,30.0
1000S162-54,50,216,38.0,23.0
1000S162-54,50,228,33.0,19.0
1000S162-54,50,240,29.0,15.0
1000S162-54,50,252,25.0,13.0
1000S162-54,50,264,22.0,10.0
1000S200-54,50,72,248.0,248.0
1000S200-54,50,84,209.0,209.0
1000S200-54,50,96,178.0,178.0
1000S200-54,50,108,153.0,153.0
1000S200-54,50,120,134.0,134.0
1000S200-54,50,132,117.0,115.0
1000S200-54,50,144,104.0,96.0
1000S200-54,50,156,93.0,81.0
1000S200-54,50,168,83.0,69.0
1000S200-54,50,180,75.0,59.0
1000S200-54,50,192,62.0,44.0
1000S200-54,50,204,52.0,34.0
1000S200-54,50,216,44.0,27.0
1000S200-54,50,228,38.0,21.0
1000S200-54,50,240,33.0,17.0
1000S200-54,50,252,29.0,14.0
1000S200-54,50,264,26.0,12.0
1000S250-54,50,72,263.0,263.0
1000S250-54,50,84,221.0,221.0
1000S250-54,50,96,188.0,188.0
1000S250-54,50,108,162.0,162.0
1000S250-54,50,120,141.0,141.0
1000S250-54,50,132,124.0,124.0
1000S250-54,50,144,110.0,110.0
1000S250-54,50,156,98.0,95.0
1000S250-54,50,168,88.0,81.0
1000S250-54,50,180,79.0,69.0
1000S250-54,50,192,66.0,52.0
1000S250-54,50,204,55.0,40.0
1000S250-54,50,216,47.0,32.0
1000S250-54,50,228,41.0,25.0
1000S250-54,50,240,35.0,21.0
1000S250-54,50,252,31.0,17.0
1000S250-54,50,264,27.0,14.0
1000S162-68,50,72,296.0,296.0
1000S162-68,50,84,249.0,249.0
1000S162-68,50,96,212.0,212.0
1000S162-68,50,108,183.0,183.0
1000S162-68,50,120,159.0,155.0
1000S162-68,50,132,140.0,128.0
1000S162-68,50,144,124.0,107.0
1000S162-68,50,156,111.0,90.0
1000S162-68,50,168,99.0,76.0
1000S162-68,50,180,90.0,65.0
1000S162-68,50,192,74.0,49.0
1000S162-68,50,204,62.0,38.0
1000S162-68,50,216,53.0,30.0
1000S162-68,50,228,46.0,24.0
1000S162-68,50,240,40.0,19.0
1000S162-68,50,252,35.0,16.0
1000S162-68,50,264,31.0,13.0
1000S200-68,50,72,342.0,342.0
1000S200-68,50,84,288.0,288.0
1000S200-68,50,96,245.0,245.0
1000S200-68,50,108,211.0,211.0
1000S200-68,50,120,184.0,177.0
1000S200-68,50,132,162.0,146.0
1000S200-68,50,144,143.0,122.0
1000S200-68,50,156,128.0,102.0
1000S200-68,50,168,115.0,87.0
1000S200-68,50,180,104.0,75.0
1000S200-68,50,192,86.0,56.0
1000S200-68,50,204,72.0,43.0
1000S200-68,50,216,61.0,34.0
1000S200-68,50,228,53.0,27.0
1000S200-68,50,240,46.0,22.0
1000S200-68,50,252,40.0,18.0
1000S200-68,50,264,36.0,15.0
1000S250-68,50,72,363.0,363.0
1000S250-68,50,84,305.0,305.0
1000S250-68,50,96,260.0,260.0
1000S250-68,50,108,224.0,224.0
1000S250-68,50,120,195.0,195.0
1000S250-68,50,132,172.0,168.0
1000S250-68,50,144,152.0,140.0
1000S250-68,50,156,136.0,118.0
1000S250-68,50,168,122.0,100.0
1000S250-68,50,180,110.0,86.0
1000S250-68,50,192,91.0,65.0
1000S250-68,50,204,76.0,50.0
1000S250-68,50,216,65.0,39.0
1000S250-68,50,228,56.0,31.0
1000S250-68,50,240,49.0,25.0
1000S250-68,50,252,43.0,21.0
1000S250-68,50,264,38.0,18.0
1000S162-97,50,72,483.0,483.0
1000S162-97,50,84,406.0,406.0
1000S162-97,50,96,346.0,338.0
1000S162-97,50,108,298.0,270.0
1000S162-97,50,120,260.0,220.0
1000S162-97,50,132,228.0,181.0
1000S162-97,50,144,202.0,151.0
1000S162-97,50,156,180.0,127.0
1000S162-97,50,168,162.0,108.0
1000S162-97,50,180,146.0,93.0
1000S162-97,50,192,121.0,70.0
1000S162-97,50,204,102.0,54.0
1000S162-97,50,216,86.0,42.0
1000S162-97,50,228,75.0,34.0
1000S162-97,50,240,65.0,27.0
1000S162-97,50,252,57.0,23.0
1000S162-97,50,264,51.0,19.0
1000S200-97,50,72,554.0,554.0
1000S200-97,50,84,465.0,465.0
1000S200-97,50,96,396.0,385.0
1000S200-97,50,108,342.0,308.0
1000S200-97,50,120,298.0,250.0
1000S200-97,50,132,262.0,206.0
1000S200-97,50,144,232.0,172.0
1000S200-97,50,156,207.0,145.0
1000S200-97,50,168,186.0,123.0
1000S200-97,50,180,167.0,106.0
1000S200-97,50,192,138.0,79.0
1000S200-97,50,204,116.0,61.0
1000S200-97,50,216,99.0,48.0
1000S200-97,50,228,85.0,39.0
1000S200-97,50,240,74.0,31.0
1000S200-97,50,252,65.0,26.0
1000S200-97,50,264,58.0,22.0
1000S250-97,50,72,590.0,590.0
1000S250-97,50,84,496.0,496.0
1000S250-97,50,96,423.0,423.0
1000S250-97,50,108,364.0,348.0
1000S250-97,50,120,317.0,283.0
1000S250-97,50,132,279.0,233.0
1000S250-97,50,144,247.0,194.0
1000S250-97,50,156,220.0,164.0
1000S250-97,50,168,198.0,139.0
1000S250-97,50,180,179.0,119.0
1000S250-97,50,192,148.0,90.0
1000S250-97,50,204,124.0,69.0
1000S250-97,50,216,106.0,54.0
1000S250-97,50,228,91.0,43.0
1000S250-97,50,240,79.0,35.0
1000S250-97,50,252,70.0,29.0
1000S250-97,50,264,62.0,24.0
1000S162-118,50,72,664.0,663.0
1000S162-118,50,84,558.0,510.0
1000S162-118,50,96,476.0,401.0
1000S162-118,50,108,410.0,321.0
1000S162-118,50,120,357.0,261.0
1000S162-118,50,132,314.0,215.0
1000S162-118,50,144,278.0,179.0
1000S162-118,50,156,248.0,151.0
1000S162-118,50,168,223.0,129.0
1000S162-118,50,180,201.0,110.0
1000S162-118,50,192,166.0,83.0
1000S162-118,50,204,140.0,64.0
1000S162-118,50,216,119.0,50.0
1000S162-118,50,228,103.0,40.0
1000S162-118,50,240,89.0,33.0
1000S162-118,50,252,78.0,27.0
1000S162-118,50,264,70.0,22.0
1000S200-118,50,72,759.0,757.0
1000S200-118,50,84,638.0,583.0
1000S200-118,50,96,543.0,459.0
1000S200-118,50,108,469.0,367.0
1000S200-118,50,120,408.0,299.0
1000S200-118,50,132,359.0,246.0
1000S200-118,50,144,318.0,205.0
1000S200-118,50,156,283.0,173.0
1000S200-118,50,168,254.0,147.0
1000S200-118,50,180,230.0,126.0
1000S200-118,50,192,190.0,95.0
1000S200-118,50,204,159.0,73.0
1000S200-118,50,216,136.0,57.0
1000S200-118,50,228,117.0,46.0
1000S200-118,50,240,102.0,37.0
1000S200-118,50,252,90.0,31.0
1000S200-118,50,264,79.0,26.0
1000S250-118,50,72,769.0,769.0
1000S250-118,50,84,646.0,646.0
1000S250-118,50,96,551.0,519.0
1000S250-118,50,108,475.0,416.0
1000S250-118,50,120,414.0,338.0
1000S250-118,50,132,364.0,278.0
1000S250-118,50,144,322.0,232.0
1000S250-118,50,156,287.0,195.0
1000S250-118,50,168,258.0,166.0
1000S250-118,50,180,233.0,143.0
1000S250-118,50,192,192.0,107.0
1000S250-118,50,204,162.0,82.0
1000S250-118,50,216,138.0,65.0
1000S250-118,50,228,119.0,52.0
1000S250-118,50,240,103.0,42.0
1000S250-118,50,252,91.0,35.0
1000S250-118,50,264,81.0,29.0
1200S162-68,50,72,348.0,348.0
1200S162-68,50,84,293.0,293.0
1200S162-68,50,96,249.0,249.0
1200S162-68,50,108,215.0,215.0
1200S162-68,50,120,187.0,187.0
1200S162-68,50,132,165.0,165.0
1200S162-68,50,144,146.0,146.0
1200S162-68,50,156,130.0,130.0
1200S162-68,50,168,117.0,117.0
1200S162-68,50,180,105.0,101.0
1200S162-68,50,192,87.0,76.0
1200S162-68,50,204,73.0,58.0
1200S162-68,50,216,62.0,46.0
1200S162-68,50,228,54.0,37.0
1200S162-68,50,240,47.0,30.0
1200S162-68,50,252,41.0,25.0
1200S162-68,50,264,36.0,20.0
1200S200-68,50,72,407.0,407.0
1200S200-68,50,84,342.0,342.0
1200S200-68,50,96,292.0,292.0
1200S200-68,50,108,251.0,251.0
1200S200-68,50,120,219.0,219.0
1200S200-68,50,132,193.0,193.0
1200S200-68,50,144,171.0,171.0
1200S200-68,50,156,152.0,152.0
1200S200-68,50,168,137.0,133.0
1200S200-68,50,180,123.0,114.0
1200S200-68,50,192,102.0,86.0
1200S200-68,50,204,86.0,66.0
1200S200-68,50,216,73.0,52.0
1200S200-68,50,228,63.0,42.0
1200S200-68,50,240,55.0,34.0
1200S200-68,50,252,48.0,28.0
1200S200-68,50,264,43.0,23.0
1200S250-68,50,72,436.0,436.0
1200S250-68,50,84,366.0,366.0
1200S250-68,50,96,312.0,312.0
1200S250-68,50,108,269.0,269.0
1200S250-68,50,120,234.0,234.0
1200S250-68,50,132,206.0,206.0
1200S250-68,50,144,182.0,182.0
1200S250-68,50,156,163.0,163.0
1200S250-68,50,168,146.0,146.0
1200S250-68,50,180,132.0,129.0
1200S250-68,50,192,109.0,97.0
1200S250-68,50,204,91.0,75.0
1200S250-68,50,216,78.0,59.0
1200S250-68,50,228,67.0,47.0
1200S250-68,50,240,59.0,38.0
1200S250-68,50,252,51.0,31.0
1200S250-68,50,264,46.0,26.0
1200S162-97,50,72,581.0,581.0
1200S162-97,50,84,488.0,488.0
1200S162-97,50,96,416.0,416.0
1200S162-97,50,108,358.0,358.0
1200S162-97,50,120,312.0,312.0
1200S162-97,50,132,274.0,274.0
1200S162-97,50,144,243.0,238.0
1200S162-97,50,156,217.0,200.0
1200S162-97,50,168,195.0,170.0
1200S162-97,50,180,176.0,146.0
1200S162-97,50,192,145.0,110.0
1200S162-97,50,204,122.0,85.0
1200S162-97,50,216,104.0,67.0
1200S162-97,50,228,90.0,53.0
1200S162-97,50,240,78.0,43.0
1200S162-97,50,252,69.0,36.0
1200S162-97,50,264,61.0,30.0
1200S200-97,50,72,671.0,671.0
1200S200-97,50,84,564.0,564.0
1200S200-97,50,96,481.0,481.0
1200S200-97,50,108,414.0,414.0
1200S200-97,50,120,361.0,361.0
1200S200-97,50,132,317.0,317.0
1200S200-97,50,144,281.0,269.0
1200S200-97,50,156,251.0,226.0
1200S200-97,50,168,225.0,192.0
1200S200-97,50,180,203.0,165.0
1200S200-97,50,192,168.0,124.0
1200S200-97,50,204,141.0,95.0
1200S200-97,50,216,120.0,75.0
1200S200-97,50,228,104.0,60.0
1200S200-97,50,240,90.0,49.0
1200S200-97,50,252,79.0,40.0
1200S200-97,50,264,70.0,34.0
1200S250-97,50,72,719.0,719.0
1200S250-97,50,84,604.0,604.0
1200S250-97,50,96,515.0,515.0
1200S250-97,50,108,444.0,444.0
1200S250-97,50,120,387.0,387.0
1200S250-97,50,132,340.0,340.0
1200S250-97,50,144,301.0,301.0
1200S250-97,50,156,269.0,254.0
1200S250-97,50,168,241.0,216.0
1200S250-97,50,180,218.0,185.0
1200S250-97,50,192,180.0,139.0
1200S250-97,50,204,151.0,107.0
1200S250-97,50,216,129.0,84.0
1200S250-97,50,228,111.0,67.0
1200S250-97,50,240,97.0,55.0
1200S250-97,50,252,85.0,45.0
1200S250-97,50,264,75.0,38.0
1200S162-118,50,72,765.0,765.0
1200S162-118,50,84,643.0,643.0
1200S162-118,50,96,548.0,548.0
1200S162-118,50,108,472.0,472.0
1200S162-118,50,120,411.0,411.0
1200S162-118,50,132,362.0,343.0
1200S162-118,50,144,320.0,286.0
1200S162-118,50,156,286.0,241.0
1200S162-118,50,168,256.0,205.0
1200S162-118,50,180,231.0,176.0
1200S162-118,50,192,191.0,132.0
1200S162-118,50,204,161.0,102.0
1200S162-118,50,216,137.0,80.0
1200S162-118,50,228,118.0,64.0
1200S162-118,50,240,103.0,52.0
1200S162-118,50,252,90.0,43.0
1200S162-118,50,264,80.0,36.0
1200S200-118,50,72,881.0,881.0
1200S200-118,50,84,740.0,740.0
1200S200-118,50,96,631.0,631.0
1200S200-118,50,108,544.0,544.0
1200S200-118,50,120,474.0,471.0
1200S200-118,50,132,416.0,388.0
1200S200-118,50,144,369.0,323.0
1200S200-118,50,156,329.0,272.0
1200S200-118,50,168,295.0,232.0
1200S200-118,50,180,266.0,199.0
1200S200-118,50,192,220.0,149.0
1200S200-118,50,204,185.0,115.0
1200S200-118,50,216,158.0,90.0
1200S200-118,50,228,136.0,72.0
1200S200-118,50,240,118.0,59.0
1200S200-118,50,252,104.0,48.0
1200S200-118,50,264,92.0,40.0
1200S250-118,50,72,947.0,947.0
1200S250-118,50,84,796.0,796.0
1200S250-118,50,96,678.0,678.0
1200S250-118,50,108,585.0,585.0
1200S250-118,50,120,509.0,509.0
1200S250-118,50,132,448.0,435.0
1200S250-118,50,144,396.0,362.0
1200S250-118,50,156,354.0,305.0
1200S250-118,50,168,317.0,260.0
1200S250-118,50,180,286.0,223.0
1200S250-118,50,192,237.0,167.0
1200S250-118,50,204,199.0,129.0
1200S250-118,50,216,169.0,101.0
1200S250-118,50,228,146.0,81.0
1200S250-118,50,240,127.0,66.0
1200S250-118,50,252,112.0,54.0
1200S250-118,50,264,99.0,45.0
1200S300-118,50,72,993.0,993.0
1200S300-118,50,84,834.0,834.0
1200S300-118,50,96,711.0,711.0
1200S300-118,50,108,613.0,613.0
1200S300-118,50,120,534.0,534.0
1200S300-118,50,132,469.0,469.0
1200S300-118,50,144,416.0,401.0
1200S300-118,50,156,371.0,338.0
1200S300-118,50,168,333.0,287.0
1200S300-118,50,180,300.0,246.0
1200S300-118,50,192,248.0,185.0
1200S300-118,50,204,209.0,143.0
1200S300-118,50,216,178.0,112.0
1200S300-118,50,228,153.0,90.0
1200S300-118,50,240,134.0,73.0
1200S300-118,50,252,117.0,60.0
1200S300-118,50,264,104.0,50.0
1200S350-118,50,72,1197.0,1197.0
1200S350-118,50,84,1006.0,1006.0
1200S350-118,50,96,857.0,857.0
1200S350-118,50,108,739.0,739.0
1200S350-118,50,120,644.0,644.0
1200S350-118,50,132,566.0,555.0
1200S350-118,50,144,501.0,463.0
1200S350-118,50,156,447.0,390.0
1200S350-118,50,168,401.0,331.0
1200S350-118,50,180,362.0,284.0
1200S350-118,50,192,299.0,213.0
1200S350-118,50,204,252.0,164.0
1200S350-118,50,216,214.0,129.0
1200S350-118,50,228,185.0,104.0
1200S350-118,50,240,161.0,84.0
1200S350-118,50,252,141.0,69.0
1200S350-118,50,264,125.0,58.0
1400S200-97,50,72,778.0,778.0
1400S200-97,50,84,654.0,654.0
1400S200-97,50,96,557.0,557.0
1400S200-97,50,108,480.0,480.0
1400S200-97,50,120,419.0,419.0
1400S200-97,50,132,368.0,368.0
1400S200-97,50,144,326.0,326.0
1400S200-97,50,156,291.0,291.0
1400S200-97,50,168,261.0,261.0
1400S200-97,50,180,235.0,235.0
1400S200-97,50,192,195.0,179.0
1400S200-97,50,204,163.0,138.0
1400S200-97,50,216,139.0,109.0
1400S200-97,50,228,120.0,87.0
1400S200-97,50,240,105.0,71.0
1400S200-97,50,252,92.0,58.0
1400S200-97,50,264,81.0,49.0
1400S250-97,50,72,840.0,840.0
1400S250-97,50,84,706.0,706.0
1400S250-97,50,96,602.0,602.0
1400S250-97,50,108,519.0,519.0
1400S250-97,50,120,452.0,452.0
1400S250-97,50,132,397.0,397.0
1400S250-97,50,144,352.0,352.0
1400S250-97,50,156,314.0,314.0
1400S250-97,50,168,282.0,282.0
1400S250-97,50,180,254.0,254.0
1400S250-97,50,192,210.0,200.0
1400S250-97,50,204,177.0,154.0
1400S250-97,50,216,150.0,121.0
1400S250-97,50,228,130.0,97.0
1400S250-97,50,240,113.0,79.0
1400S250-97,50,252,99.0,65.0
1400S250-97,50,264,88.0,54.0
1400S300-97,50,72,883.0,883.0
1400S300-97,50,84,742.0,742.0
1400S300-97,50,96,632.0,632.0
1400S300-97,50,108,545.0,545.0
1400S300-97,50,120,475.0,475.0
1400S300-97,50,132,417.0,417.0
1400S300-97,50,144,370.0,370.0
1400S300-97,50,156,330.0,330.0
1400S300-97,50,168,296.0,296.0
1400S300-97,50,180,267.0,267.0
1400S300-97,50,192,221.0,219.0
1400S300-97,50,204,185.0,169.0
1400S300-97,50,216,158.0,133.0
1400S300-97,50,228,136.0,106.0
1400S300-97,50,240,119.0,86.0
1400S300-97,50,252,104.0,71.0
1400S300-97,50,264,92.0,59.0
1400S200-118,50,72,1032.0,1032.0
1400S200-118,50,84,867.0,867.0
1400S200-118,50,96,739.0,739.0
1400S200-118,50,108,637.0,637.0
1400S200-118,50,120,555.0,555.0
1400S200-118,50,132,488.0,488.0
1400S200-118,50,144,432.0,432.0
1400S200-118,50,156,385.0,385.0
1400S200-118,50,168,346.0,341.0
1400S200-118,50,180,312.0,293.0
1400S200-118,50,192,258.0,220.0
1400S200-118,50,204,217.0,169.0
1400S200-118,50,216,185.0,133.0
1400S200-118,50,228,159.0,107.0
1400S200-118,50,240,139.0,87.0
1400S200-118,50,252,122.0,71.0
1400S200-118,50,264,108.0,60.0
1400S250-118,50,72,1116.0,1116.0
1400S250-118,50,84,938.0,938.0
1400S250-118,50,96,799.0,799.0
1400S250-118,50,108,689.0,689.0
1400S250-118,50,120,600.0,600.0
1400S250-118,50,132,528.0,528.0
1400S250-118,50,144,467.0,467.0
1400S250-118,50,156,417.0,417.0
1400S250-118,50,168,374.0,374.0
1400S250-118,50,180,338.0,325.0
1400S250-118,50,192,279.0,244.0
1400S250-118,50,204,235.0,188.0
1400S250-118,50,216,200.0,148.0
1400S250-118,50,228,172.0,119.0
1400S250-118,50,240,150.0,96.0
1400S250-118,50,252,132.0,79.0
1400S250-118,50,264,117.0,66.0
1400S300-118,50,72,1175.0,1175.0
1400S300-118,50,84,988.0,988.0
1400S300-118,50,96,842.0,842.0
1400S300-118,50,108,726.0,726.0
1400S300-118,50,120,632.0,632.0
1400S300-118,50,132,556.0,556.0
1400S300-118,50,144,492.0,492.0
1400S300-118,50,156,439.0,439.0
1400S300-118,50,168,394.0,394.0
1400S300-118,50,180,356.0,356.0
1400S300-118,50,192,294.0,269.0
1400S300-118,50,204,247.0,207.0
1400S300-118,50,216,210.0,163.0
1400S300-118,50,228,181.0,131.0
1400S300-118,50,240,158.0,106.0
1400S300-118,50,252,139.0,87.0
1400S300-118,50,264,123.0,73.0
1600S200-97,50,72,874.0,874.0
1600S200-97,50,84,734.0,734.0
1600S200-97,50,96,626.0,626.0
1600S200-97,50,108,539.0,539.0
1600S200-97,50,120,470.0,470.0
1600S200-97,50,132,413.0,413.0
1600S200-97,50,144,366.0,366.0
1600S200-97,50,156,326.0,326.0
1600S200-97,50,168,293.0,293.0
1600S200-97,50,180,264.0,264.0
1600S200-97,50,192,218.0,218.0
1600S200-97,50,204,184.0,184.0
1600S200-97,50,216,156.0,149.0
1600S200-97,50,228,135.0,119.0
1600S200-97,50,240,117.0,97.0
1600S200-97,50,252,103.0,80.0
1600S200-97,50,264,91.0,67.0
1600S250-97,50,72,951.0,951.0
1600S250-97,50,84,799.0,799.0
1600S250-97,50,96,681.0,681.0
1600S250-97,50,108,587.0,587.0
1600S250-97,50,120,511.0,511.0
1600S250-97,50,132,450.0,450.0
1600S250-97,50,144,398.0,398.0
1600S250-97,50,156,355.0,355.0
1600S250-97,50,168,319.0,319.0
1600S250-97,50,180,288.0,288.0
1600S250-97,50,192,238.0,238.0
1600S250-97,50,204,200.0,200.0
1600S250-97,50,216,170.0,166.0
1600S250-97,50,228,147.0,133.0
1600S250-97,50,240,128.0,108.0
1600S250-97,50,252,112.0,89.0
1600S250-97,50,264,100.0,74.0
1600S300-97,50,72,1006.0,1006.0
1600S300-97,50,84,845.0,845.0
1600S300-97,50,96,720.0,720.0
1600S300-97,50,108,621.0,621.0
1600S300-97,50,120,541.0,541.0
1600S300-97,50,132,475.0,475.0
1600S300-97,50,144,421.0,421.0
1600S300-97,50,156,376.0,376.0
1600S300-97,50,168,337.0,337.0
1600S300-97,50,180,304.0,304.0
1600S300-97,50,192,251.0,251.0
1600S300-97,50,204,211.0,211.0
1600S300-97,50,216,180.0,180.0
1600S300-97,50,228,155.0,145.0
1600S300-97,50,240,135.0,118.0
1600S300-97,50,252,119.0,97.0
1600S300-97,50,264,105.0,81.0
1600S200-118,50,72,1170.0,1170.0
1600S200-118,50,84,983.0,983.0
1600S200-118,50,96,837.0,837.0
1600S200-118,50,108,722.0,722.0
1600S200-118,50,120,629.0,629.0
1600S200-118,50,132,553.0,553.0
1600S200-118,50,144,490.0,490.0
1600S200-118,50,156,437.0,437.0
1600S200-118,50,168,392.0,392.0
1600S200-118,50,180,354.0,354.0
1600S200-118,50,192,292.0,292.0
1600S200-118,50,204,246.0,234.0
1600S200-118,50,216,209.0,184.0
1600S200-118,50,228,181.0,148.0
1600S200-118,50,240,157.0,120.0
1600S200-118,50,252,138.0,99.0
1600S200-118,50,264,122.0,82.0
1600S250-118,50,72,1274.0,1274.0
1600S250-118,50,84,1071.0,1071.0
1600S250-118,50,96,912.0,912.0
1600S250-118,50,108,787.0,787.0
1600S250-118,50,120,685.0,685.0
1600S250-118,50,132,602.0,602.0
1600S250-118,50,144,533.0,533.0
1600S250-118,50,156,476.0,476.0
1600S250-118,50,168,427.0,427.0
1600S250-118,50,180,385.0,385.0
1600S250-118,50,192,319.0,319.0
1600S250-118,50,204,268.0,259.0
1600S250-118,50,216,228.0,204.0
1600S250-118,50,228,197.0,163.0
1600S250-118,50,240,171.0,133.0
1600S250-118,50,252,151.0,109.0
1600S250-118,50,264,133.0,91.0
1600S300-118,50,72,1349.0,1349.0
1600S300-118,50,84,1134.0,1134.0
1600S300-118,50,96,966.0,966.0
1600S300-118,50,108,833.0,833.0
1600S300-118,50,120,726.0,726.0
1600S300-118,50,132,638.0,638.0
1600S300-118,50,144,565.0,565.0
1600S300-118,50,156,504.0,504.0
1600S300-118,50,168,452.0,452.0
1600S300-118,50,180,408.0,408.0
1600S300-118,50,192,337.0,337.0
1600S300-118,50,204,283.0,283.0
1600S300-118,50,216,241.0,224.0
1600S300-118,50,228,208.0,179.0
1600S300-118,50,240,181.0,146.0
1600S300-118,50,252,159.0,120.0
1600S300-118,50,264,141.0,100.0
1600S350-118,50,72,1633.0,1633.0
1600S350-118,50,84,1372.0,1372.0
1600S350-118,50,96,1169.0,1169.0
1600S350-118,50,108,1008.0,1008.0
1600S350-118,50,120,878.0,878.0
1600S350-118,50,132,772.0,772.0
1600S350-118,50,144,684.0,684.0
1600S350-118,50,156,610.0,610.0
1600S350-118,50,168,547.0,547.0
1600S350-118,50,180,494.0,494.0
1600S350-118,50,192,408.0,408.0
1600S350-118,50,204,343.0,324.0
1600S350-118,50,216,292.0,255.0
1600S350-118,50,228,252.0,204.0
1600S350-118,50,240,220.0,166.0
1600S350-118,50,252,193.0,137.0
1600S350-118,50,264,171.0,114.0
