member_series,kind,t_design_in,radius_in,Fy,condition,bearing_in,P_asd_lb
350S-30,single,0.0312,0.0781,33,1,1.0,135.0
350S-30,single,0.0312,0.0781,33,1,3.5,214.0
350S-30,single,0.0312,0.0781,33,1,4.0,226.0
350S-30,single,0.0312,0.0781,33,1,6.0,266.0
350S-30,single,0.0312,0.0781,33,2,1.0,259.0
350S-30,single,0.0312,0.0781,33,2,3.5,359.0
350S-30,single,0.0312,0.0781,33,2,4.0,374.0
350S-30,single,0.0312,0.0781,33,2,6.0,425.0
350S-30,single,0.0312,0.0781,33,3,1.0,103.0
350S-30,single,0.0312,0.0781,33,3,3.5,139.0
350S-30,single,0.0312,0.0781,33,3,4.0,144.0
350S-30,single,0.0312,0.0781,33,3,6.0,163.0
350S-30,single,0.0312,0.0781,33,4,1.0,306.0
350S-30,single,0.0312,0.0781,33,4,3.5,389.0
350S-30,single,0.0312,0.0781,33,4,4.0,402.0
350S-30,single,0.0312,0.0781,33,4,6.0,445.0
350S-33,single,0.0346,0.0764,33,1,1.0,166.0
350S-33,single,0.0346,0.0764,33,1,3.5,260.0
350S-33,single,0.0346,0.0764,33,1,4.0,274.0
350S-33,single,0.0346,0.0764,33,1,6.0,323.0
350S-33,single,0.0346,0.0764,33,2,1.0,324.0
350S-33,single,0.0346,0.0764,33,2,3.5,445.0
350S-33,single,0.0346,0.0764,33,2,4.0,463.0
350S-33,single,0.0346,0.0764,33,2,6.0,526.0
350S-33,single,0.0346,0.0764,33,3,1.0,131.0
350S-33,single,0.0346,0.0764,33,3,3.5,175.0
350S-33,single,0.0346,0.0764,33,3,4.0,182.0
350S-33,single,0.0346,0.0764,33,3,6.0,205.0
350S-33,single,0.0346,0.0764,33,4,1.0,384.0
350S-33,single,0.0346,0.0764,33,4,3.5,484.0
350S-33,single,0.0346,0.0764,33,4,4.0,499.0
350S-33,single,0.0346,0.0764,33,4,6.0,551.0
350S-43,single,0.0451,0.0712,33,1,1.0,278.0
350S-43,single,0.0451,0.0712,33,1,3.5,428.0
350S-43,single,0.0451,0.0712,33,1,4.0,451.0
350S-43,single,0.0451,0.0712,33,1,6.0,528.0
350S-43,single,0.0451,0.0712,33,2,1.0,571.0
350S-43,single,0.0451,0.0712,33,2,3.5,768.0
350S-43,single,0.0451,0.0712,33,2,4.0,798.0
350S-43,single,0.0451,0.0712,33,2,6.0,900.0
350S-43,single,0.0451,0.0712,33,3,1.0,240.0
350S-43,single,0.0451,0.0712,33,3,3.5,315.0
350S-43,single,0.0451,0.0712,33,3,4.0,326.0
350S-43,single,0.0451,0.0712,33,3,6.0,365.0
350S-43,single,0.0451,0.0712,33,4,1.0,680.0
350S-43,single,0.0451,0.0712,33,4,3.5,842.0
350S-43,single,0.0451,0.0712,33,4,4.0,866.0
350S-43,single,0.0451,0.0712,33,4,6.0,949.0
350S-54,single,0.0566,0.0849,33,1,1.0,420.0
350S-54,single,0.0566,0.0849,33,1,3.5,638.0
350S-54,single,0.0566,0.0849,33,1,4.0,670.0
350S-54,single,0.0566,0.0849,33,1,6.0,783.0
350S-54,single,0.0566,0.0849,33,2,1.0,879.0
350S-54,single,0.0566,0.0849,33,2,3.5,1162.0
350S-54,single,0.0566,0.0849,33,2,4.0,1204.0
350S-54,single,0.0566,0.0849,33,2,6.0,1351.0
350S-54,single,0.0566,0.0849,33,3,1.0,392.0
350S-54,single,0.0566,0.0849,33,3,3.5,507.0
350S-54,single,0.0566,0.0849,33,3,4.0,524.0
350S-54,single,0.0566,0.0849,33,3,6.0,583.0
350S-54,single,0.0566,0.0849,33,4,1.0,1086.0
350S-54,single,0.0566,0.0849,33,4,3.5,1324.0
350S-54,single,0.0566,0.0849,33,4,4.0,1359.0
350S-54,single,0.0566,0.0849,33,4,6.0,1482.0
350S-54,single,0.0566,0.0849,50,1,1.0,637.0
350S-54,single,0.0566,0.0849,50,1,3.5,967.0
350S-54,single,0.0566,0.0849,50,1,4.0,1016.0
350S-54,single,0.0566,0.0849,50,1,6.0,1186.0
350S-54,single,0.0566,0.0849,50,2,1.0,1331.0
350S-54,single,0.0566,0.0849,50,2,3.5,1761.0
350S-54,single,0.0566,0.0849,50,2,4.0,1825.0
350S-54,single,0.0566,0.0849,50,2,6.0,2046.0
350S-54,single,0.0566,0.0849,50,3,1.0,594.0
350S-54,single,0.0566,0.0849,50,3,3.5,768.0
350S-54,single,0.0566,0.0849,50,3,4.0,794.0
350S-54,single,0.0566,0.0849,50,3,6.0,883.0
350S-54,single,0.0566,0.0849,50,4,1.0,1645.0
350S-54,single,0.0566,0.0849,50,4,3.5,2005.0
350S-54,single,0.0566,0.0849,50,4,4.0,2059.0
350S-54,single,0.0566,0.0849,50,4,6.0,2245.0
350S-68,single,0.0713,0.1069,33,1,1.0,637.0
350S-68,single,0.0713,0.1069,33,1,3.5,951.0
350S-68,single,0.0713,0.1069,33,1,4.0,998.0
350S-68,single,0.0713,0.1069,33,1,6.0,1160.0
350S-68,single,0.0713,0.1069,33,2,1.0,1351.0
350S-68,single,0.0713,0.1069,33,2,3.5,1756.0
350S-68,single,0.0713,0.1069,33,2,4.0,1816.0
350S-68,single,0.0713,0.1069,33,2,6.0,2025.0
350S-68,single,0.0713,0.1069,33,3,1.0,640.0
350S-68,single,0.0713,0.1069,33,3,3.5,813.0
350S-68,single,0.0713,0.1069,33,3,4.0,839.0
350S-68,single,0.0713,0.1069,33,3,6.0,928.0
350S-68,single,0.0713,0.1069,33,4,1.0,1737.0
350S-68,single,0.0713,0.1069,33,4,3.5,2085.0
350S-68,single,0.0713,0.1069,33,4,4.0,2137.0
350S-68,single,0.0713,0.1069,33,4,6.0,2317.0
350S-68,single,0.0713,0.1069,50,1,1.0,965.0
350S-68,single,0.0713,0.1069,50,1,3.5,1441.0
350S-68,single,0.0713,0.1069,50,1,4.0,1512.0
350S-68,single,0.0713,0.1069,50,1,6.0,1758.0
350S-68,single,0.0713,0.1069,50,2,1.0,2047.0
350S-68,single,0.0713,0.1069,50,2,3.5,2661.0
350S-68,single,0.0713,0.1069,50,2,4.0,2752.0
350S-68,single,0.0713,0.1069,50,2,6.0,3068.0
350S-68,single,0.0713,0.1069,50,3,1.0,970.0
350S-68,single,0.0713,0.1069,50,3,3.5,1232.0
350S-68,single,0.0713,0.1069,50,3,4.0,1271.0
350S-68,single,0.0713,0.1069,50,3,6.0,1406.0
350S-68,single,0.0713,0.1069,50,4,1.0,2631.0
350S-68,single,0.0713,0.1069,50,4,3.5,3159.0
350S-68,single,0.0713,0.1069,50,4,4.0,3238.0
350S-68,single,0.0713,0.1069,50,4,6.0,3510.0
350S-97,single,0.1017,0.1525,33,1,1.0,1209.0
350S-97,single,0.1017,0.1525,33,1,3.5,1760.0
350S-97,single,0.1017,0.1525,33,1,4.0,1841.0
350S-97,single,0.1017,0.1525,33,1,6.0,2126.0
350S-97,single,0.1017,0.1525,33,2,1.0,2629.0
350S-97,single,0.1017,0.1525,33,2,3.5,3328.0
350S-97,single,0.1017,0.1525,33,2,4.0,3431.0
350S-97,single,0.1017,0.1525,33,2,6.0,3792.0
350S-97,single,0.1017,0.1525,33,3,1.0,1343.0
350S-97,single,0.1017,0.1525,33,3,3.5,1663.0
350S-97,single,0.1017,0.1525,33,3,4.0,1710.0
350S-97,single,0.1017,0.1525,33,3,6.0,1876.0
350S-97,single,0.1017,0.1525,33,4,1.0,3562.0
350S-97,single,0.1017,0.1525,33,4,3.5,4184.0
350S-97,single,0.1017,0.1525,33,4,4.0,4276.0
350S-97,single,0.1017,0.1525,33,4,6.0,4597.0
350S-97,single,0.1017,0.1525,50,1,1.0,1831.0
350S-97,single,0.1017,0.1525,50,1,3.5,2666.0
350S-97,single,0.1017,0.1525,50,1,4.0,2790.0
350S-97,single,0.1017,0.1525,50,1,6.0,3221.0
350S-97,single,0.1017,0.1525,50,2,1.0,3983.0
350S-97,single,0.1017,0.1525,50,2,3.5,5042.0
350S-97,single,0.1017,0.1525,50,2,4.0,5199.0
350S-97,single,0.1017,0.1525,50,2,6.0,5745.0
350S-97,single,0.1017,0.1525,50,3,1.0,2035.0
350S-97,single,0.1017,0.1525,50,3,3.5,2520.0
350S-97,single,0.1017,0.1525,50,3,4.0,2592.0
350S-97,single,0.1017,0.1525,50,3,6.0,2842.0
350S-97,single,0.1017,0.1525,50,4,1.0,5397.0
350S-97,single,0.1017,0.1525,50,4,3.5,6339.0
350S-97,single,0.1017,0.1525,50,4,4.0,6479.0
350S-97,single,0.1017,0.1525,50,4,6.0,6966.0
362S-30,single,0.0312,0.0781,33,1,1.0,135.0
362S-30,single,0.0312,0.0781,33,1,3.5,213.0
362S-30,single,0.0312,0.0781,33,1,4.0,224.0
362S-30,single,0.0312,0.0781,33,1,6.0,265.0
362S-30,single,0.0312,0.0781,33,2,1.0,258.0
362S-30,single,0.0312,0.0781,33,2,3.5,358.0
362S-30,single,0.0312,0.0781,33,2,4.0,373.0
362S-30,single,0.0312,0.0781,33,2,6.0,424.0
362S-30,single,0.0312,0.0781,33,3,1.0,101.0
362S-30,single,0.0312,0.0781,33,3,3.5,136.0
362S-30,single,0.0312,0.0781,33,3,4.0,141.0
362S-30,single,0.0312,0.0781,33,3,6.0,160.0
362S-30,single,0.0312,0.0781,33,4,1.0,304.0
362S-30,single,0.0312,0.0781,33,4,3.5,386.0
362S-30,single,0.0312,0.0781,33,4,4.0,398.0
362S-30,single,0.0312,0.0781,33,4,6.0,441.0
362S-33,single,0.0346,0.0764,33,1,1.0,165.0
362S-33,single,0.0346,0.0764,33,1,3.5,259.0
362S-33,single,0.0346,0.0764,33,1,4.0,273.0
362S-33,single,0.0346,0.0764,33,1,6.0,322.0
362S-33,single,0.0346,0.0764,33,2,1.0,323.0
362S-33,single,0.0346,0.0764,33,2,3.5,444.0
362S-33,single,0.0346,0.0764,33,2,4.0,462.0
362S-33,single,0.0346,0.0764,33,2,6.0,525.0
362S-33,single,0.0346,0.0764,33,3,1.0,129.0
362S-33,single,0.0346,0.0764,33,3,3.5,173.0
362S-33,single,0.0346,0.0764,33,3,4.0,179.0
362S-33,single,0.0346,0.0764,33,3,6.0,202.0
362S-33,single,0.0346,0.0764,33,4,1.0,381.0
362S-33,single,0.0346,0.0764,33,4,3.5,480.0
362S-33,single,0.0346,0.0764,33,4,4.0,495.0
362S-33,single,0.0346,0.0764,33,4,6.0,547.0
362S-43,single,0.0451,0.0712,33,1,1.0,277.0
362S-43,single,0.0451,0.0712,33,1,3.5,427.0
362S-43,single,0.0451,0.0712,33,1,4.0,449.0
362S-43,single,0.0451,0.0712,33,1,6.0,526.0
362S-43,single,0.0451,0.0712,33,2,1.0,570.0
362S-43,single,0.0451,0.0712,33,2,3.5,767.0
362S-43,single,0.0451,0.0712,33,2,4.0,796.0
362S-43,single,0.0451,0.0712,33,2,6.0,898.0
362S-43,single,0.0451,0.0712,33,3,1.0,236.0
362S-43,single,0.0451,0.0712,33,3,3.5,311.0
362S-43,single,0.0451,0.0712,33,3,4.0,322.0
362S-43,single,0.0451,0.0712,33,3,6.0,360.0
362S-43,single,0.0451,0.0712,33,4,1.0,675.0
362S-43,single,0.0451,0.0712,33,4,3.5,836.0
362S-43,single,0.0451,0.0712,33,4,4.0,860.0
362S-43,single,0.0451,0.0712,33,4,6.0,943.0
362S-54,single,0.0566,0.0849,33,1,1.0,419.0
362S-54,single,0.0566,0.0849,33,1,3.5,636.0
362S-54,single,0.0566,0.0849,33,1,4.0,668.0
362S-54,single,0.0566,0.0849,33,1,6.0,780.0
362S-54,single,0.0566,0.0849,33,2,1.0,877.0
362S-54,single,0.0566,0.0849,33,2,3.5,1160.0
362S-54,single,0.0566,0.0849,33,2,4.0,1202.0
362S-54,single,0.0566,0.0849,33,2,6.0,1348.0
362S-54,single,0.0566,0.0849,33,3,1.0,388.0
362S-54,single,0.0566,0.0849,33,3,3.5,501.0
362S-54,single,0.0566,0.0849,33,3,4.0,518.0
362S-54,single,0.0566,0.0849,33,3,6.0,577.0
362S-54,single,0.0566,0.0849,33,4,1.0,1079.0
362S-54,single,0.0566,0.0849,33,4,3.5,1316.0
362S-54,single,0.0566,0.0849,33,4,4.0,1351.0
362S-54,single,0.0566,0.0849,33,4,6.0,1473.0
362S-54,single,0.0566,0.0849,50,1,1.0,634.0
362S-54,single,0.0566,0.0849,50,1,3.5,963.0
362S-54,single,0.0566,0.0849,50,1,4.0,1012.0
362S-54,single,0.0566,0.0849,50,1,6.0,1182.0
362S-54,single,0.0566,0.0849,50,2,1.0,1329.0
362S-54,single,0.0566,0.0849,50,2,3.5,1758.0
362S-54,single,0.0566,0.0849,50,2,4.0,1822.0
362S-54,single,0.0566,0.0849,50,2,6.0,2043.0
362S-54,single,0.0566,0.0849,50,3,1.0,588.0
362S-54,single,0.0566,0.0849,50,3,3.5,760.0
362S-54,single,0.0566,0.0849,50,3,4.0,785.0
362S-54,single,0.0566,0.0849,50,3,6.0,874.0
362S-54,single,0.0566,0.0849,50,4,1.0,1635.0
362S-54,single,0.0566,0.0849,50,4,3.5,1994.0
362S-54,single,0.0566,0.0849,50,4,4.0,2047.0
362S-54,single,0.0566,0.0849,50,4,6.0,2232.0
362S-68,single,0.0713,0.1069,33,1,1.0,635.0
362S-68,single,0.0713,0.1069,33,1,3.5,948.0
362S-68,single,0.0713,0.1069,33,1,4.0,995.0
362S-68,single,0.0713,0.1069,33,1,6.0,1157.0
362S-68,single,0.0713,0.1069,33,2,1.0,1349.0
362S-68,single,0.0713,0.1069,33,2,3.5,1754.0
362S-68,single,0.0713,0.1069,33,2,4.0,1813.0
362S-68,single,0.0713,0.1069,33,2,6.0,2022.0
362S-68,single,0.0713,0.1069,33,3,1.0,635.0
362S-68,single,0.0713,0.1069,33,3,3.5,806.0
362S-68,single,0.0713,0.1069,33,3,4.0,831.0
362S-68,single,0.0713,0.1069,33,3,6.0,920.0
362S-68,single,0.0713,0.1069,33,4,1.0,1728.0
362S-68,single,0.0713,0.1069,33,4,3.5,2074.0
362S-68,single,0.0713,0.1069,33,4,4.0,2126.0
362S-68,single,0.0713,0.1069,33,4,6.0,2305.0
362S-68,single,0.0713,0.1069,50,1,1.0,962.0
362S-68,single,0.0713,0.1069,50,1,3.5,1437.0
362S-68,single,0.0713,0.1069,50,1,4.0,1507.0
362S-68,single,0.0713,0.1069,50,1,6.0,1753.0
362S-68,single,0.0713,0.1069,50,2,1.0,2044.0
362S-68,single,0.0713,0.1069,50,2,3.5,2657.0
362S-68,single,0.0713,0.1069,50,2,4.0,2748.0
362S-68,single,0.0713,0.1069,50,2,6.0,3064.0
362S-68,single,0.0713,0.1069,50,3,1.0,961.0
362S-68,single,0.0713,0.1069,50,3,3.5,1221.0
362S-68,single,0.0713,0.1069,50,3,4.0,1259.0
362S-68,single,0.0713,0.1069,50,3,6.0,1393.0
362S-68,single,0.0713,0.1069,50,4,1.0,2618.0
362S-68,single,0.0713,0.1069,50,4,3.5,3143.0
362S-68,single,0.0713,0.1069,50,4,4.0,3221.0
362S-68,single,0.0713,0.1069,50,4,6.0,3492.0
362S-97,single,0.1017,0.1525,33,1,1.0,1206.0
362S-97,single,0.1017,0.1525,33,1,3.5,1755.0
362S-97,single,0.1017,0.1525,33,1,4.0,1837.0
362S-97,single,0.1017,0.1525,33,1,6.0,2120.0
362S-97,single,0.1017,0.1525,33,2,1.0,2626.0
362S-97,single,0.1017,0.1525,33,2,3.5,3324.0
362S-97,single,0.1017,0.1525,33,2,4.0,3427.0
362S-97,single,0.1017,0.1525,33,2,6.0,3787.0
362S-97,single,0.1017,0.1525,33,3,1.0,1333.0
362S-97,single,0.1017,0.1525,33,3,3.5,1651.0
362S-97,single,0.1017,0.1525,33,3,4.0,1698.0
362S-97,single,0.1017,0.1525,33,3,6.0,1862.0
362S-97,single,0.1017,0.1525,33,4,1.0,3547.0
362S-97,single,0.1017,0.1525,33,4,3.5,4166.0
362S-97,single,0.1017,0.1525,33,4,4.0,4258.0
362S-97,single,0.1017,0.1525,33,4,6.0,4578.0
362S-97,single,0.1017,0.1525,50,1,1.0,1827.0
362S-97,single,0.1017,0.1525,50,1,3.5,2659.0
362S-97,single,0.1017,0.1525,50,1,4.0,2783.0
362S-97,single,0.1017,0.1525,50,1,6.0,3212.0
362S-97,single,0.1017,0.1525,50,2,1.0,3979.0
362S-97,single,0.1017,0.1525,50,2,3.5,5036.0
362S-97,single,0.1017,0.1525,50,2,4.0,5192.0
362S-97,single,0.1017,0.1525,50,2,6.0,5738.0
362S-97,single,0.1017,0.1525,50,3,1.0,2020.0
362S-97,single,0.1017,0.1525,50,3,3.5,2501.0
362S-97,single,0.1017,0.1525,50,3,4.0,2573.0
362S-97,single,0.1017,0.1525,50,3,6.0,2821.0
362S-97,single,0.1017,0.1525,50,4,1.0,5374.0
362S-97,single,0.1017,0.1525,50,4,3.5,6313.0
362S-97,single,0.1017,0.1525,50,4,4.0,6452.0
362S-97,single,0.1017,0.1525,50,4,6.0,6937.0
400S-30,single,0.0312,0.0781,33,1,1.0,133.0
400S-30,single,0.0312,0.0781,33,1,3.5,210.0
400S-30,single,0.0312,0.0781,33,1,4.0,221.0
400S-30,single,0.0312,0.0781,33,1,6.0,261.0
400S-30,single,0.0312,0.0781,33,2,1.0,257.0
400S-30,single,0.0312,0.0781,33,2,3.5,356.0
400S-30,single,0.0312,0.0781,33,2,4.0,370.0
400S-30,single,0.0312,0.0781,33,2,6.0,421.0
400S-30,single,0.0312,0.0781,33,3,1.0,95.0
400S-30,single,0.0312,0.0781,33,3,3.5,129.0
400S-30,single,0.0312,0.0781,33,3,4.0,134.0
400S-30,single,0.0312,0.0781,33,3,6.0,151.0
400S-30,single,0.0312,0.0781,33,4,1.0,296.0
400S-30,single,0.0312,0.0781,33,4,3.5,376.0
400S-30,single,0.0312,0.0781,33,4,4.0,388.0
400S-30,single,0.0312,0.0781,33,4,6.0,429.0
400S-33,single,0.0346,0.0764,33,1,1.0,163.0
400S-33,single,0.0346,0.0764,33,1,3.5,256.0
400S-33,single,0.0346,0.0764,33,1,4.0,269.0
400S-33,single,0.0346,0.0764,33,1,6.0,317.0
400S-33,single,0.0346,0.0764,33,2,1.0,322.0
400S-33,single,0.0346,0.0764,33,2,3.5,442.0
400S-33,single,0.0346,0.0764,33,2,4.0,460.0
400S-33,single,0.0346,0.0764,33,2,6.0,522.0
400S-33,single,0.0346,0.0764,33,3,1.0,122.0
400S-33,single,0.0346,0.0764,33,3,3.5,164.0
400S-33,single,0.0346,0.0764,33,3,4.0,170.0
400S-33,single,0.0346,0.0764,33,3,6.0,192.0
400S-33,single,0.0346,0.0764,33,4,1.0,372.0
400S-33,single,0.0346,0.0764,33,4,3.5,469.0
400S-33,single,0.0346,0.0764,33,4,4.0,483.0
400S-33,single,0.0346,0.0764,33,4,6.0,534.0
400S-43,single,0.0451,0.0712,33,1,1.0,274.0
400S-43,single,0.0451,0.0712,33,1,3.5,422.0
400S-43,single,0.0451,0.0712,33,1,4.0,444.0
400S-43,single,0.0451,0.0712,33,1,6.0,520.0
400S-43,single,0.0451,0.0712,33,2,1.0,567.0
400S-43,single,0.0451,0.0712,33,2,3.5,763.0
400S-43,single,0.0451,0.0712,33,2,4.0,792.0
400S-43,single,0.0451,0.0712,33,2,6.0,893.0
400S-43,single,0.0451,0.0712,33,3,1.0,227.0
400S-43,single,0.0451,0.0712,33,3,3.5,299.0
400S-43,single,0.0451,0.0712,33,3,4.0,309.0
400S-43,single,0.0451,0.0712,33,3,6.0,346.0
400S-43,single,0.0451,0.0712,33,4,1.0,662.0
400S-43,single,0.0451,0.0712,33,4,3.5,819.0
400S-43,single,0.0451,0.0712,33,4,4.0,843.0
400S-43,single,0.0451,0.0712,33,4,6.0,924.0
400S-54,single,0.0566,0.0849,33,1,1.0,415.0
400S-54,single,0.0566,0.0849,33,1,3.5,629.0
400S-54,single,0.0566,0.0849,33,1,4.0,661.0
400S-54,single,0.0566,0.0849,33,1,6.0,772.0
400S-54,single,0.0566,0.0849,33,2,1.0,873.0
400S-54,single,0.0566,0.0849,33,2,3.5,1155.0
400S-54,single,0.0566,0.0849,33,2,4.0,1197.0
400S-54,single,0.0566,0.0849,33,2,6.0,1342.0
400S-54,single,0.0566,0.0849,33,3,1.0,376.0
400S-54,single,0.0566,0.0849,33,3,3.5,485.0
400S-54,single,0.0566,0.0849,33,3,4.0,502.0
400S-54,single,0.0566,0.0849,33,3,6.0,558.0
400S-54,single,0.0566,0.0849,33,4,1.0,1061.0
400S-54,single,0.0566,0.0849,33,4,3.5,1293.0
400S-54,single,0.0566,0.0849,33,4,4.0,1328.0
400S-54,single,0.0566,0.0849,33,4,6.0,1448.0
400S-54,single,0.0566,0.0849,50,1,1.0,628.0
400S-54,single,0.0566,0.0849,50,1,3.5,954.0
400S-54,single,0.0566,0.0849,50,1,4.0,1002.0
400S-54,single,0.0566,0.0849,50,1,6.0,1170.0
400S-54,single,0.0566,0.0849,50,2,1.0,1323.0
400S-54,single,0.0566,0.0849,50,2,3.5,1750.0
400S-54,single,0.0566,0.0849,50,2,4.0,1813.0
400S-54,single,0.0566,0.0849,50,2,6.0,2034.0
400S-54,single,0.0566,0.0849,50,3,1.0,569.0
400S-54,single,0.0566,0.0849,50,3,3.5,735.0
400S-54,single,0.0566,0.0849,50,3,4.0,760.0
400S-54,single,0.0566,0.0849,50,3,6.0,846.0
400S-54,single,0.0566,0.0849,50,4,1.0,1607.0
400S-54,single,0.0566,0.0849,50,4,3.5,1960.0
400S-54,single,0.0566,0.0849,50,4,4.0,2012.0
400S-54,single,0.0566,0.0849,50,4,6.0,2194.0
400S-68,single,0.0713,0.1069,33,1,1.0,629.0
400S-68,single,0.0713,0.1069,33,1,3.5,940.0
400S-68,single,0.0713,0.1069,33,1,4.0,986.0
400S-68,single,0.0713,0.1069,33,1,6.0,1147.0
400S-68,single,0.0713,0.1069,33,2,1.0,1344.0
400S-68,single,0.0713,0.1069,33,2,3.5,1746.0
400S-68,single,0.0713,0.1069,33,2,4.0,1806.0
400S-68,single,0.0713,0.1069,33,2,6.0,2014.0
400S-68,single,0.0713,0.1069,33,3,1.0,617.0
400S-68,single,0.0713,0.1069,33,3,3.5,784.0
400S-68,single,0.0713,0.1069,33,3,4.0,809.0
400S-68,single,0.0713,0.1069,33,3,6.0,895.0
400S-68,single,0.0713,0.1069,33,4,1.0,1702.0
400S-68,single,0.0713,0.1069,33,4,3.5,2044.0
400S-68,single,0.0713,0.1069,33,4,4.0,2094.0
400S-68,single,0.0713,0.1069,33,4,6.0,2271.0
400S-68,single,0.0713,0.1069,50,1,1.0,953.0
400S-68,single,0.0713,0.1069,50,1,3.5,1424.0
400S-68,single,0.0713,0.1069,50,1,4.0,1494.0
400S-68,single,0.0713,0.1069,50,1,6.0,1737.0
400S-68,single,0.0713,0.1069,50,2,1.0,2036.0
400S-68,single,0.0713,0.1069,50,2,3.5,2646.0
400S-68,single,0.0713,0.1069,50,2,4.0,2737.0
400S-68,single,0.0713,0.1069,50,2,6.0,3051.0
400S-68,single,0.0713,0.1069,50,3,1.0,936.0
400S-68,single,0.0713,0.1069,50,3,3.5,1188.0
400S-68,single,0.0713,0.1069,50,3,4.0,1226.0
400S-68,single,0.0713,0.1069,50,3,6.0,1356.0
400S-68,single,0.0713,0.1069,50,4,1.0,2579.0
400S-68,single,0.0713,0.1069,50,4,3.5,3097.0
400S-68,single,0.0713,0.1069,50,4,4.0,3173.0
400S-68,single,0.0713,0.1069,50,4,6.0,3441.0
400S-97,single,0.1017,0.1525,33,1,1.0,1197.0
400S-97,single,0.1017,0.1525,33,1,3.5,1742.0
400S-97,single,0.1017,0.1525,33,1,4.0,1823.0
400S-97,single,0.1017,0.1525,33,1,6.0,2105.0
400S-97,single,0.1017,0.1525,33,2,1.0,2617.0
400S-97,single,0.1017,0.1525,33,2,3.5,3312.0
400S-97,single,0.1017,0.1525,33,2,4.0,3415.0
400S-97,single,0.1017,0.1525,33,2,6.0,3774.0
400S-97,single,0.1017,0.1525,33,3,1.0,1305.0
400S-97,single,0.1017,0.1525,33,3,3.5,1616.0
400S-97,single,0.1017,0.1525,33,3,4.0,1662.0
400S-97,single,0.1017,0.1525,33,3,6.0,1823.0
400S-97,single,0.1017,0.1525,33,4,1.0,3504.0
400S-97,single,0.1017,0.1525,33,4,3.5,4116.0
400S-97,single,0.1017,0.1525,33,4,4.0,4207.0
400S-97,single,0.1017,0.1525,33,4,6.0,4523.0
400S-97,single,0.1017,0.1525,50,1,1.0,1814.0
400S-97,single,0.1017,0.1525,50,1,3.5,2640.0
400S-97,single,0.1017,0.1525,50,1,4.0,2762.0
400S-97,single,0.1017,0.1525,50,1,6.0,3189.0
400S-97,single,0.1017,0.1525,50,2,1.0,3965.0
400S-97,single,0.1017,0.1525,50,2,3.5,5018.0
400S-97,single,0.1017,0.1525,50,2,4.0,5175.0
400S-97,single,0.1017,0.1525,50,2,6.0,5718.0
400S-97,single,0.1017,0.1525,50,3,1.0,1978.0
400S-97,single,0.1017,0.1525,50,3,3.5,2449.0
400S-97,single,0.1017,0.1525,50,3,4.0,2518.0
400S-97,single,0.1017,0.1525,50,3,6.0,2761.0
400S-97,single,0.1017,0.1525,50,4,1.0,5309.0
400S-97,single,0.1017,0.1525,50,4,3.5,6236.0
400S-97,single,0.1017,0.1525,50,4,4.0,6374.0
400S-97,single,0.1017,0.1525,50,4,6.0,6853.0
550S-30,single,0.0312,0.0781,33,1,1.0,126.0
550S-30,single,0.0312,0.0781,33,1,3.5,199.0
550S-30,single,0.0312,0.0781,33,1,4.0,210.0
550S-30,single,0.0312,0.0781,33,1,6.0,248.0
550S-30,single,0.0312,0.0781,33,2,1.0,251.0
550S-30,single,0.0312,0.0781,33,2,3.5,348.0
550S-30,single,0.0312,0.0781,33,2,4.0,362.0
550S-30,single,0.0312,0.0781,33,2,6.0,412.0
550S-30,single,0.0312,0.0781,33,3,1.0,76.0
550S-30,single,0.0312,0.0781,33,3,3.5,103.0
550S-30,single,0.0312,0.0781,33,3,4.0,107.0
550S-30,single,0.0312,0.0781,33,3,6.0,120.0
550S-30,single,0.0312,0.0781,33,4,1.0,268.0
550S-30,single,0.0312,0.0781,33,4,3.5,341.0
550S-30,single,0.0312,0.0781,33,4,4.0,351.0
550S-30,single,0.0312,0.0781,33,4,6.0,389.0
550S-33,single,0.0346,0.0764,33,1,1.0,155.0
550S-33,single,0.0346,0.0764,33,1,3.5,243.0
550S-33,single,0.0346,0.0764,33,1,4.0,256.0
550S-33,single,0.0346,0.0764,33,1,6.0,302.0
550S-33,single,0.0346,0.0764,33,2,1.0,315.0
550S-33,single,0.0346,0.0764,33,2,3.5,432.0
550S-33,single,0.0346,0.0764,33,2,4.0,450.0
550S-33,single,0.0346,0.0764,33,2,6.0,511.0
550S-33,single,0.0346,0.0764,33,3,1.0,100.0
550S-33,single,0.0346,0.0764,33,3,3.5,134.0
550S-33,single,0.0346,0.0764,33,3,4.0,139.0
550S-33,single,0.0346,0.0764,33,3,6.0,157.0
550S-33,single,0.0346,0.0764,33,4,1.0,339.0
550S-33,single,0.0346,0.0764,33,4,3.5,428.0
550S-33,single,0.0346,0.0764,33,4,4.0,441.0
550S-33,single,0.0346,0.0764,33,4,6.0,487.0
550S-43,single,0.0451,0.0712,33,1,1.0,262.0
550S-43,single,0.0451,0.0712,33,1,3.5,405.0
550S-43,single,0.0451,0.0712,33,1,4.0,426.0
550S-43,single,0.0451,0.0712,33,1,6.0,499.0
550S-43,single,0.0451,0.0712,33,2,1.0,556.0
550S-43,single,0.0451,0.0712,33,2,3.5,749.0
550S-43,single,0.0451,0.0712,33,2,4.0,778.0
550S-43,single,0.0451,0.0712,33,2,6.0,877.0
550S-43,single,0.0451,0.0712,33,3,1.0,195.0
550S-43,single,0.0451,0.0712,33,3,3.5,256.0
550S-43,single,0.0451,0.0712,33,3,4.0,265.0
550S-43,single,0.0451,0.0712,33,3,6.0,297.0
550S-43,single,0.0451,0.0712,33,4,1.0,614.0
550S-43,single,0.0451,0.0712,33,4,3.5,760.0
550S-43,single,0.0451,0.0712,33,4,4.0,782.0
550S-43,single,0.0451,0.0712,33,4,6.0,858.0
550S-54,single,0.0566,0.0849,33,1,1.0,400.0
550S-54,single,0.0566,0.0849,33,1,3.5,607.0
550S-54,single,0.0566,0.0849,33,1,4.0,638.0
550S-54,single,0.0566,0.0849,33,1,6.0,745.0
550S-54,single,0.0566,0.0849,33,2,1.0,859.0
550S-54,single,0.0566,0.0849,33,2,3.5,1136.0
550S-54,single,0.0566,0.0849,33,2,4.0,1177.0
550S-54,single,0.0566,0.0849,33,2,6.0,1320.0
550S-54,single,0.0566,0.0849,33,3,1.0,331.0
550S-54,single,0.0566,0.0849,33,3,3.5,428.0
550S-54,single,0.0566,0.0849,33,3,4.0,443.0
550S-54,single,0.0566,0.0849,33,3,6.0,493.0
550S-54,single,0.0566,0.0849,33,4,1.0,995.0
550S-54,single,0.0566,0.0849,33,4,3.5,1213.0
550S-54,single,0.0566,0.0849,33,4,4.0,1246.0
550S-54,single,0.0566,0.0849,33,4,6.0,1358.0
550S-54,single,0.0566,0.0849,50,1,1.0,606.0
550S-54,single,0.0566,0.0849,50,1,3.5,920.0
550S-54,single,0.0566,0.0849,50,1,4.0,966.0
550S-54,single,0.0566,0.0849,50,1,6.0,1128.0
550S-54,single,0.0566,0.0849,50,2,1.0,1302.0
550S-54,single,0.0566,0.0849,50,2,3.5,1722.0
550S-54,single,0.0566,0.0849,50,2,4.0,1784.0
550S-54,single,0.0566,0.0849,50,2,6.0,2001.0
550S-54,single,0.0566,0.0849,50,3,1.0,502.0
550S-54,single,0.0566,0.0849,50,3,3.5,649.0
550S-54,single,0.0566,0.0849,50,3,4.0,671.0
550S-54,single,0.0566,0.0849,50,3,6.0,746.0
550S-54,single,0.0566,0.0849,50,4,1.0,1508.0
550S-54,single,0.0566,0.0849,50,4,3.5,1838.0
550S-54,single,0.0566,0.0849,50,4,4.0,1887.0
550S-54,single,0.0566,0.0849,50,4,6.0,2058.0
550S-68,single,0.0713,0.1069,33,1,1.0,609.0
550S-68,single,0.0713,0.1069,33,1,3.5,911.0
550S-68,single,0.0713,0.1069,33,1,4.0,955.0
550S-68,single,0.0713,0.1069,33,1,6.0,1111.0
550S-68,single,0.0713,0.1069,33,2,1.0,1324.0
550S-68,single,0.0713,0.1069,33,2,3.5,1721.0
550S-68,single,0.0713,0.1069,33,2,4.0,1780.0
550S-68,single,0.0713,0.1069,33,2,6.0,1985.0
550S-68,single,0.0713,0.1069,33,3,1.0,557.0
550S-68,single,0.0713,0.1069,33,3,3.5,707.0
550S-68,single,0.0713,0.1069,33,3,4.0,729.0
550S-68,single,0.0713,0.1069,33,3,6.0,807.0
550S-68,single,0.0713,0.1069,33,4,1.0,1611.0
550S-68,single,0.0713,0.1069,33,4,3.5,1934.0
550S-68,single,0.0713,0.1069,33,4,4.0,1982.0
550S-68,single,0.0713,0.1069,33,4,6.0,2149.0
550S-68,single,0.0713,0.1069,50,1,1.0,923.0
550S-68,single,0.0713,0.1069,50,1,3.5,1380.0
550S-68,single,0.0713,0.1069,50,1,4.0,1447.0
550S-68,single,0.0713,0.1069,50,1,6.0,1683.0
550S-68,single,0.0713,0.1069,50,2,1.0,2007.0
550S-68,single,0.0713,0.1069,50,2,3.5,2608.0
550S-68,single,0.0713,0.1069,50,2,4.0,2697.0
550S-68,single,0.0713,0.1069,50,2,6.0,3007.0
550S-68,single,0.0713,0.1069,50,3,1.0,844.0
550S-68,single,0.0713,0.1069,50,3,3.5,1071.0
550S-68,single,0.0713,0.1069,50,3,4.0,1105.0
550S-68,single,0.0713,0.1069,50,3,6.0,1223.0
550S-68,single,0.0713,0.1069,50,4,1.0,2441.0
550S-68,single,0.0713,0.1069,50,4,3.5,2931.0
550S-68,single,0.0713,0.1069,50,4,4.0,3003.0
550S-68,single,0.0713,0.1069,50,4,6.0,3256.0
550S-97,single,0.1017,0.1525,33,1,1.0,1166.0
550S-97,single,0.1017,0.1525,33,1,3.5,1697.0
550S-97,single,0.1017,0.1525,33,1,4.0,1776.0
550S-97,single,0.1017,0.1525,33,1,6.0,2050.0
550S-97,single,0.1017,0.1525,33,2,1.0,2585.0
550S-97,single,0.1017,0.1525,33,2,3.5,3272.0
550S-97,single,0.1017,0.1525,33,2,4.0,3374.0
550S-97,single,0.1017,0.1525,33,2,6.0,3728.0
550S-97,single,0.1017,0.1525,33,3,1.0,1205.0
550S-97,single,0.1017,0.1525,33,3,3.5,1492.0
550S-97,single,0.1017,0.1525,33,3,4.0,1535.0
550S-97,single,0.1017,0.1525,33,3,6.0,1683.0
550S-97,single,0.1017,0.1525,33,4,1.0,3352.0
550S-97,single,0.1017,0.1525,33,4,3.5,3937.0
550S-97,single,0.1017,0.1525,33,4,4.0,4024.0
550S-97,single,0.1017,0.1525,33,4,6.0,4326.0
550S-97,single,0.1017,0.1525,50,1,1.0,1766.0
550S-97,single,0.1017,0.1525,50,1,3.5,2571.0
550S-97,single,0.1017,0.1525,50,1,4.0,2691.0
550S-97,single,0.1017,0.1525,50,1,6.0,3106.0
550S-97,single,0.1017,0.1525,50,2,1.0,3917.0
550S-97,single,0.1017,0.1525,50,2,3.5,4957.0
550S-97,single,0.1017,0.1525,50,2,4.0,5112.0
550S-97,single,0.1017,0.1525,50,2,6.0,5649.0
550S-97,single,0.1017,0.1525,50,3,1.0,1826.0
550S-97,single,0.1017,0.1525,50,3,3.5,2261.0
550S-97,single,0.1017,0.1525,50,3,4.0,2326.0
550S-97,single,0.1017,0.1525,50,3,6.0,2550.0
550S-97,single,0.1017,0.1525,50,4,1.0,5079.0
550S-97,single,0.1017,0.1525,50,4,3.5,5966.0
550S-97,single,0.1017,0.1525,50,4,4.0,6097.0
550S-97,single,0.1017,0.1525,50,4,6.0,6555.0
600S-30,single,0.0312,0.0781,33,1,1.0,124.0
600S-30,single,0.0312,0.0781,33,1,3.5,196.0
600S-30,single,0.0312,0.0781,33,1,4.0,206.0
600S-30,single,0.0312,0.0781,33,1,6.0,244.0
600S-30,single,0.0312,0.0781,33,2,1.0,249.0
600S-30,single,0.0312,0.0781,33,2,3.5,345.0
600S-30,single,0.0312,0.0781,33,2,4.0,360.0
600S-30,single,0.0312,0.0781,33,2,6.0,409.0
600S-30,single,0.0312,0.0781,33,3,1.0,70.0
600S-30,single,0.0312,0.0781,33,3,3.5,95.0
600S-30,single,0.0312,0.0781,33,3,4.0,98.0
600S-30,single,0.0312,0.0781,33,3,6.0,111.0
600S-30,single,0.0312,0.0781,33,4,1.0,260.0
600S-30,single,0.0312,0.0781,33,4,3.5,330.0
600S-30,single,0.0312,0.0781,33,4,4.0,340.0
600S-30,single,0.0312,0.0781,33,4,6.0,377.0
600S-33,single,0.0346,0.0764,33,1,1.0,153.0
600S-33,single,0.0346,0.0764,33,1,3.5,240.0
600S-33,single,0.0346,0.0764,33,1,4.0,253.0
600S-33,single,0.0346,0.0764,33,1,6.0,297.0
600S-33,single,0.0346,0.0764,33,2,1.0,313.0
600S-33,single,0.0346,0.0764,33,2,3.5,430.0
600S-33,single,0.0346,0.0764,33,2,4.0,447.0
600S-33,single,0.0346,0.0764,33,2,6.0,507.0
600S-33,single,0.0346,0.0764,33,3,1.0,93.0
600S-33,single,0.0346,0.0764,33,3,3.5,125.0
600S-33,single,0.0346,0.0764,33,3,4.0,130.0
600S-33,single,0.0346,0.0764,33,3,6.0,146.0
600S-33,single,0.0346,0.0764,33,4,1.0,330.0
600S-33,single,0.0346,0.0764,33,4,3.5,416.0
600S-33,single,0.0346,0.0764,33,4,4.0,429.0
600S-33,single,0.0346,0.0764,33,4,6.0,473.0
600S-43,single,0.0451,0.0712,33,1,1.0,259.0
600S-43,single,0.0451,0.0712,33,1,3.5,400.0
600S-43,single,0.0451,0.0712,33,1,4.0,420.0
600S-43,single,0.0451,0.0712,33,1,6.0,493.0
600S-43,single,0.0451,0.0712,33,2,1.0,553.0
600S-43,single,0.0451,0.0712,33,2,3.5,745.0
600S-43,single,0.0451,0.0712,33,2,4.0,773.0
600S-43,single,0.0451,0.0712,33,2,6.0,872.0
600S-43,single,0.0451,0.0712,33,3,1.0,185.0
600S-43,single,0.0451,0.0712,33,3,3.5,243.0
600S-43,single,0.0451,0.0712,33,3,4.0,252.0
600S-43,single,0.0451,0.0712,33,3,6.0,282.0
600S-43,single,0.0451,0.0712,33,4,1.0,600.0
600S-43,single,0.0451,0.0712,33,4,3.5,743.0
600S-43,single,0.0451,0.0712,33,4,4.0,764.0
600S-43,single,0.0451,0.0712,33,4,6.0,838.0
600S-54,single,0.0566,0.0849,33,1,1.0,395.0
600S-54,single,0.0566,0.0849,33,1,3.5,600.0
600S-54,single,0.0566,0.0849,33,1,4.0,631.0
600S-54,single,0.0566,0.0849,33,1,6.0,736.0
600S-54,single,0.0566,0.0849,33,2,1.0,855.0
600S-54,single,0.0566,0.0849,33,2,3.5,1131.0
600S-54,single,0.0566,0.0849,33,2,4.0,1172.0
600S-54,single,0.0566,0.0849,33,2,6.0,1314.0
600S-54,single,0.0566,0.0849,33,3,1.0,318.0
600S-54,single,0.0566,0.0849,33,3,3.5,411.0
600S-54,single,0.0566,0.0849,33,3,4.0,425.0
600S-54,single,0.0566,0.0849,33,3,6.0,473.0
600S-54,single,0.0566,0.0849,33,4,1.0,975.0
600S-54,single,0.0566,0.0849,33,4,3.5,1189.0
600S-54,single,0.0566,0.0849,33,4,4.0,1221.0
600S-54,single,0.0566,0.0849,33,4,6.0,1331.0
600S-54,single,0.0566,0.0849,50,1,1.0,599.0
600S-54,single,0.0566,0.0849,50,1,3.5,909.0
600S-54,single,0.0566,0.0849,50,1,4.0,956.0
600S-54,single,0.0566,0.0849,50,1,6.0,1116.0
600S-54,single,0.0566,0.0849,50,2,1.0,1295.0
600S-54,single,0.0566,0.0849,50,2,3.5,1713.0
600S-54,single,0.0566,0.0849,50,2,4.0,1775.0
600S-54,single,0.0566,0.0849,50,2,6.0,1991.0
600S-54,single,0.0566,0.0849,50,3,1.0,482.0
600S-54,single,0.0566,0.0849,50,3,3.5,623.0
600S-54,single,0.0566,0.0849,50,3,4.0,644.0
600S-54,single,0.0566,0.0849,50,3,6.0,716.0
600S-54,single,0.0566,0.0849,50,4,1.0,1478.0
600S-54,single,0.0566,0.0849,50,4,3.5,1802.0
600S-54,single,0.0566,0.0849,50,4,4.0,1850.0
600S-54,single,0.0566,0.0849,50,4,6.0,2017.0
600S-68,single,0.0713,0.1069,33,1,1.0,604.0
600S-68,single,0.0713,0.1069,33,1,3.5,902.0
600S-68,single,0.0713,0.1069,33,1,4.0,946.0
600S-68,single,0.0713,0.1069,33,1,6.0,1100.0
600S-68,single,0.0713,0.1069,33,2,1.0,1319.0
600S-68,single,0.0713,0.1069,33,2,3.5,1714.0
600S-68,single,0.0713,0.1069,33,2,4.0,1772.0
600S-68,single,0.0713,0.1069,33,2,6.0,1976.0
600S-68,single,0.0713,0.1069,33,3,1.0,539.0
600S-68,single,0.0713,0.1069,33,3,3.5,684.0
600S-68,single,0.0713,0.1069,33,3,4.0,706.0
600S-68,single,0.0713,0.1069,33,3,6.0,781.0
600S-68,single,0.0713,0.1069,33,4,1.0,1584.0
600S-68,single,0.0713,0.1069,33,4,3.5,1901.0
600S-68,single,0.0713,0.1069,33,4,4.0,1949.0
600S-68,single,0.0713,0.1069,33,4,6.0,2113.0
600S-68,single,0.0713,0.1069,50,1,1.0,914.0
600S-68,single,0.0713,0.1069,50,1,3.5,1366.0
600S-68,single,0.0713,0.1069,50,1,4.0,1433.0
600S-68,single,0.0713,0.1069,50,1,6.0,1666.0
600S-68,single,0.0713,0.1069,50,2,1.0,1998.0
600S-68,single,0.0713,0.1069,50,2,3.5,2596.0
600S-68,single,0.0713,0.1069,50,2,4.0,2685.0
600S-68,single,0.0713,0.1069,50,2,6.0,2994.0
600S-68,single,0.0713,0.1069,50,3,1.0,816.0
600S-68,single,0.0713,0.1069,50,3,3.5,1036.0
600S-68,single,0.0713,0.1069,50,3,4.0,1069.0
600S-68,single,0.0713,0.1069,50,3,6.0,1183.0
600S-68,single,0.0713,0.1069,50,4,1.0,2399.0
600S-68,single,0.0713,0.1069,50,4,3.5,2881.0
600S-68,single,0.0713,0.1069,50,4,4.0,2952.0
600S-68,single,0.0713,0.1069,50,4,6.0,3201.0
600S-97,single,0.1017,0.1525,50,1,1.0,1752.0
600S-97,single,0.1017,0.1525,50,1,3.5,2551.0
600S-97,single,0.1017,0.1525,50,1,4.0,2669.0
600S-97,single,0.1017,0.1525,50,1,6.0,3081.0
600S-97,single,0.1017,0.1525,50,2,1.0,3902.0
600S-97,single,0.1017,0.1525,50,2,3.5,4939.0
600S-97,single,0.1017,0.1525,50,2,4.0,5093.0
600S-97,single,0.1017,0.1525,50,2,6.0,5628.0
600S-97,single,0.1017,0.1525,50,3,1.0,1781.0
600S-97,single,0.1017,0.1525,50,3,3.5,2205.0
600S-97,single,0.1017,0.1525,50,3,4.0,2268.0
600S-97,single,0.1017,0.1525,50,3,6.0,2487.0
600S-97,single,0.1017,0.1525,50,4,1.0,5010.0
600S-97,single,0.1017,0.1525,50,4,3.5,5885.0
600S-97,single,0.1017,0.1525,50,4,4.0,6014.0
600S-97,single,0.1017,0.1525,50,4,6.0,6466.0
600S-118,single,0.1242,0.1863,50,1,1.0,2528.0
600S-118,single,0.1242,0.1863,50,1,3.5,3625.0
600S-118,single,0.1242,0.1863,50,1,4.0,3788.0
600S-118,single,0.1242,0.1863,50,1,6.0,4354.0
600S-118,single,0.1242,0.1863,50,2,1.0,5698.0
600S-118,single,0.1242,0.1863,50,2,3.5,7108.0
600S-118,single,0.1242,0.1863,50,2,4.0,7318.0
600S-118,single,0.1242,0.1863,50,2,6.0,8046.0
600S-118,single,0.1242,0.1863,50,3,1.0,2734.0
600S-118,single,0.1242,0.1863,50,3,3.5,3339.0
600S-118,single,0.1242,0.1863,50,3,4.0,3429.0
600S-118,single,0.1242,0.1863,50,3,6.0,3741.0
600S-118,single,0.1242,0.1863,50,4,1.0,7555.0
600S-118,single,0.1242,0.1863,50,4,3.5,8772.0
600S-118,single,0.1242,0.1863,50,4,4.0,8952.0
600S-118,single,0.1242,0.1863,50,4,6.0,9581.0
800S-43,single,0.0451,0.0712,33,1,1.0,247.0
800S-43,single,0.0451,0.0712,33,1,3.5,381.0
800S-43,single,0.0451,0.0712,33,1,4.0,401.0
800S-43,single,0.0451,0.0712,33,1,6.0,470.0
800S-43,single,0.0451,0.0712,33,2,1.0,542.0
800S-43,single,0.0451,0.0712,33,2,3.5,730.0
800S-43,single,0.0451,0.0712,33,2,4.0,757.0
800S-43,single,0.0451,0.0712,33,2,6.0,854.0
800S-43,single,0.0451,0.0712,33,3,1.0,150.0
800S-43,single,0.0451,0.0712,33,3,3.5,197.0
800S-43,single,0.0451,0.0712,33,3,4.0,204.0
800S-43,single,0.0451,0.0712,33,3,6.0,228.0
800S-43,single,0.0451,0.0712,33,4,1.0,548.0
800S-43,single,0.0451,0.0712,33,4,3.5,678.0
800S-43,single,0.0451,0.0712,33,4,4.0,698.0
800S-43,single,0.0451,0.0712,33,4,6.0,765.0
800S-54,single,0.0566,0.0849,33,1,1.0,379.0
800S-54,single,0.0566,0.0849,33,1,3.5,576.0
800S-54,single,0.0566,0.0849,33,1,4.0,605.0
800S-54,single,0.0566,0.0849,33,1,6.0,706.0
800S-54,single,0.0566,0.0849,33,2,1.0,839.0
800S-54,single,0.0566,0.0849,33,2,3.5,1110.0
800S-54,single,0.0566,0.0849,33,2,4.0,1150.0
800S-54,single,0.0566,0.0849,33,2,6.0,1290.0
800S-54,single,0.0566,0.0849,33,3,1.0,270.0
800S-54,single,0.0566,0.0849,33,3,3.5,349.0
800S-54,single,0.0566,0.0849,33,3,4.0,361.0
800S-54,single,0.0566,0.0849,33,3,6.0,402.0
800S-54,single,0.0566,0.0849,33,4,1.0,904.0
800S-54,single,0.0566,0.0849,33,4,3.5,1102.0
800S-54,single,0.0566,0.0849,33,4,4.0,1131.0
800S-54,single,0.0566,0.0849,33,4,6.0,1234.0
800S-54,single,0.0566,0.0849,50,1,1.0,575.0
800S-54,single,0.0566,0.0849,50,1,3.5,872.0
800S-54,single,0.0566,0.0849,50,1,4.0,917.0
800S-54,single,0.0566,0.0849,50,1,6.0,1070.0
800S-54,single,0.0566,0.0849,50,2,1.0,1272.0
800S-54,single,0.0566,0.0849,50,2,3.5,1682.0
800S-54,single,0.0566,0.0849,50,2,4.0,1743.0
800S-54,single,0.0566,0.0849,50,2,6.0,1955.0
800S-54,single,0.0566,0.0849,50,3,1.0,409.0
800S-54,single,0.0566,0.0849,50,3,3.5,529.0
800S-54,single,0.0566,0.0849,50,3,4.0,547.0
800S-54,single,0.0566,0.0849,50,3,6.0,608.0
800S-54,single,0.0566,0.0849,50,4,1.0,1370.0
800S-54,single,0.0566,0.0849,50,4,3.5,1670.0
800S-54,single,0.0566,0.0849,50,4,4.0,1714.0
800S-54,single,0.0566,0.0849,50,4,6.0,1869.0
800S-68,single,0.0713,0.1069,33,1,1.0,582.0
800S-68,single,0.0713,0.1069,33,1,3.5,870.0
800S-68,single,0.0713,0.1069,33,1,4.0,912.0
800S-68,single,0.0713,0.1069,33,1,6.0,1061.0
800S-68,single,0.0713,0.1069,33,2,1.0,1297.0
800S-68,single,0.0713,0.1069,33,2,3.5,1686.0
800S-68,single,0.0713,0.1069,33,2,4.0,1744.0
800S-68,single,0.0713,0.1069,33,2,6.0,1944.0
800S-68,single,0.0713,0.1069,33,3,1.0,473.0
800S-68,single,0.0713,0.1069,33,3,3.5,601.0
800S-68,single,0.0713,0.1069,33,3,4.0,619.0
800S-68,single,0.0713,0.1069,33,3,6.0,685.0
800S-68,single,0.0713,0.1069,33,4,1.0,1485.0
800S-68,single,0.0713,0.1069,33,4,3.5,1783.0
800S-68,single,0.0713,0.1069,33,4,4.0,1827.0
800S-68,single,0.0713,0.1069,33,4,6.0,1981.0
800S-68,single,0.0713,0.1069,50,1,1.0,882.0
800S-68,single,0.0713,0.1069,50,1,3.5,1318.0
800S-68,single,0.0713,0.1069,50,1,4.0,1382.0
800S-68,single,0.0713,0.1069,50,1,6.0,1607.0
800S-68,single,0.0713,0.1069,50,2,1.0,1966.0
800S-68,single,0.0713,0.1069,50,2,3.5,2555.0
800S-68,single,0.0713,0.1069,50,2,4.0,2642.0
800S-68,single,0.0713,0.1069,50,2,6.0,2946.0
800S-68,single,0.0713,0.1069,50,3,1.0,716.0
800S-68,single,0.0713,0.1069,50,3,3.5,910.0
800S-68,single,0.0713,0.1069,50,3,4.0,939.0
800S-68,single,0.0713,0.1069,50,3,6.0,1038.0
800S-68,single,0.0713,0.1069,50,4,1.0,2250.0
800S-68,single,0.0713,0.1069,50,4,3.5,2701.0
800S-68,single,0.0713,0.1069,50,4,4.0,2768.0
800S-68,single,0.0713,0.1069,50,4,6.0,3001.0
800S-97,single,0.1017,0.1525,50,1,1.0,1702.0
800S-97,single,0.1017,0.1525,50,1,3.5,2477.0
800S-97,single,0.1017,0.1525,50,1,4.0,2592.0
800S-97,single,0.1017,0.1525,50,1,6.0,2992.0
800S-97,single,0.1017,0.1525,50,2,1.0,3850.0
800S-97,single,0.1017,0.1525,50,2,3.5,4873.0
800S-97,single,0.1017,0.1525,50,2,4.0,5025.0
800S-97,single,0.1017,0.1525,50,2,6.0,5553.0
800S-97,single,0.1017,0.1525,50,3,1.0,1618.0
800S-97,single,0.1017,0.1525,50,3,3.5,2003.0
800S-97,single,0.1017,0.1525,50,3,4.0,2060.0
800S-97,single,0.1017,0.1525,50,3,6.0,2259.0
800S-97,single,0.1017,0.1525,50,4,1.0,4761.0
800S-97,single,0.1017,0.1525,50,4,3.5,5593.0
800S-97,single,0.1017,0.1525,50,4,4.0,5716.0
800S-97,single,0.1017,0.1525,50,4,6.0,6146.0
800S-118,single,0.1242,0.1863,50,1,1.0,2462.0
800S-118,single,0.1242,0.1863,50,1,3.5,3531.0
800S-118,single,0.1242,0.1863,50,1,4.0,3689.0
800S-118,single,0.1242,0.1863,50,1,6.0,4241.0
800S-118,single,0.1242,0.1863,50,2,1.0,5629.0
800S-118,single,0.1242,0.1863,50,2,3.5,7023.0
800S-118,single,0.1242,0.1863,50,2,4.0,7229.0
800S-118,single,0.1242,0.1863,50,2,6.0,7949.0
800S-118,single,0.1242,0.1863,50,3,1.0,2518.0
800S-118,single,0.1242,0.1863,50,3,3.5,3075.0
800S-118,single,0.1242,0.1863,50,3,4.0,3158.0
800S-118,single,0.1242,0.1863,50,3,6.0,3445.0
800S-118,single,0.1242,0.1863,50,4,1.0,7223.0
800S-118,single,0.1242,0.1863,50,4,3.5,8387.0
800S-118,single,0.1242,0.1863,50,4,4.0,8559.0
800S-118,single,0.1242,0.1863,50,4,6.0,9160.0
1000S-54,single,0.0566,0.0849,33,1,1.0,365.0
1000S-54,single,0.0566,0.0849,33,1,3.5,554.0
1000S-54,single,0.0566,0.0849,33,1,4.0,582.0
1000S-54,single,0.0566,0.0849,33,1,6.0,680.0
1000S-54,single,0.0566,0.0849,33,2,1.0,826.0
1000S-54,single,0.0566,0.0849,33,2,3.5,1092.0
1000S-54,single,0.0566,0.0849,33,2,4.0,1132.0
1000S-54,single,0.0566,0.0849,33,2,6.0,1269.0
1000S-54,single,0.0566,0.0849,33,3,1.0,228.0
1000S-54,single,0.0566,0.0849,33,3,3.5,295.0
1000S-54,single,0.0566,0.0849,33,3,4.0,305.0
1000S-54,single,0.0566,0.0849,33,3,6.0,339.0
1000S-54,single,0.0566,0.0849,33,4,1.0,841.0
1000S-54,single,0.0566,0.0849,33,4,3.5,1026.0
1000S-54,single,0.0566,0.0849,33,4,4.0,1053.0
1000S-54,single,0.0566,0.0849,33,4,6.0,1148.0
1000S-54,single,0.0566,0.0849,50,1,1.0,553.0
1000S-54,single,0.0566,0.0849,50,1,3.5,840.0
1000S-54,single,0.0566,0.0849,50,1,4.0,882.0
1000S-54,single,0.0566,0.0849,50,1,6.0,1031.0
1000S-54,single,0.0566,0.0849,50,2,1.0,1251.0
1000S-54,single,0.0566,0.0849,50,2,3.5,1655.0
1000S-54,single,0.0566,0.0849,50,2,4.0,1715.0
1000S-54,single,0.0566,0.0849,50,2,6.0,1923.0
1000S-54,single,0.0566,0.0849,50,3,1.0,346.0
1000S-54,single,0.0566,0.0849,50,3,3.5,447.0
1000S-54,single,0.0566,0.0849,50,3,4.0,462.0
1000S-54,single,0.0566,0.0849,50,3,6.0,514.0
1000S-54,single,0.0566,0.0849,50,4,1.0,1275.0
1000S-54,single,0.0566,0.0849,50,4,3.5,1554.0
1000S-54,single,0.0566,0.0849,50,4,4.0,1595.0
1000S-54,single,0.0566,0.0849,50,4,6.0,1740.0
1000S-68,single,0.0713,0.1069,33,1,1.0,563.0
1000S-68,single,0.0713,0.1069,33,1,3.5,842.0
1000S-68,single,0.0713,0.1069,33,1,4.0,883.0
1000S-68,single,0.0713,0.1069,33,1,6.0,1027.0
1000S-68,single,0.0713,0.1069,33,2,1.0,1279.0
1000S-68,single,0.0713,0.1069,33,2,3.5,1662.0
1000S-68,single,0.0713,0.1069,33,2,4.0,1719.0
1000S-68,single,0.0713,0.1069,33,2,6.0,1917.0
1000S-68,single,0.0713,0.1069,33,3,1.0,415.0
1000S-68,single,0.0713,0.1069,33,3,3.5,527.0
1000S-68,single,0.0713,0.1069,33,3,4.0,544.0
1000S-68,single,0.0713,0.1069,33,3,6.0,602.0
1000S-68,single,0.0713,0.1069,33,4,1.0,1398.0
1000S-68,single,0.0713,0.1069,33,4,3.5,1679.0
1000S-68,single,0.0713,0.1069,33,4,4.0,1721.0
1000S-68,single,0.0713,0.1069,33,4,6.0,1866.0
1000S-68,single,0.0713,0.1069,50,1,1.0,854.0
1000S-68,single,0.0713,0.1069,50,1,3.5,1275.0
1000S-68,single,0.0713,0.1069,50,1,4.0,1338.0
1000S-68,single,0.0713,0.1069,50,1,6.0,1556.0
1000S-68,single,0.0713,0.1069,50,2,1.0,1938.0
1000S-68,single,0.0713,0.1069,50,2,3.5,2518.0
1000S-68,single,0.0713,0.1069,50,2,4.0,2604.0
1000S-68,single,0.0713,0.1069,50,2,6.0,2904.0
1000S-68,single,0.0713,0.1069,50,3,1.0,629.0
1000S-68,single,0.0713,0.1069,50,3,3.5,799.0
1000S-68,single,0.0713,0.1069,50,3,4.0,824.0
1000S-68,single,0.0713,0.1069,50,3,6.0,912.0
1000S-68,single,0.0713,0.1069,50,4,1.0,2119.0
1000S-68,single,0.0713,0.1069,50,4,3.5,2544.0
1000S-68,single,0.0713,0.1069,50,4,4.0,2607.0
1000S-68,single,0.0713,0.1069,50,4,6.0,2827.0
1000S-97,single,0.1017,0.1525,50,1,1.0,1657.0
1000S-97,single,0.1017,0.1525,50,1,3.5,2413.0
1000S-97,single,0.1017,0.1525,50,1,4.0,2525.0
1000S-97,single,0.1017,0.1525,50,1,6.0,2914.0
1000S-97,single,0.1017,0.1525,50,2,1.0,3805.0
1000S-97,single,0.1017,0.1525,50,2,3.5,4816.0
1000S-97,single,0.1017,0.1525,50,2,4.0,4966.0
1000S-97,single,0.1017,0.1525,50,2,6.0,5488.0
1000S-97,single,0.1017,0.1525,50,3,1.0,1476.0
1000S-97,single,0.1017,0.1525,50,3,3.5,1827.0
1000S-97,single,0.1017,0.1525,50,3,4.0,1879.0
1000S-97,single,0.1017,0.1525,50,3,6.0,2060.0
1000S-97,single,0.1017,0.1525,50,4,1.0,4545.0
1000S-97,single,0.1017,0.1525,50,4,3.5,5338.0
1000S-97,single,0.1017,0.1525,50,4,4.0,5456.0
1000S-97,single,0.1017,0.1525,50,4,6.0,5866.0
1000S-118,single,0.1242,0.1863,50,1,1.0,2405.0
1000S-118,single,0.1242,0.1863,50,1,3.5,3449.0
1000S-118,single,0.1242,0.1863,50,1,4.0,3604.0
1000S-118,single,0.1242,0.1863,50,1,6.0,4143.0
1000S-118,single,0.1242,0.1863,50,2,1.0,5569.0
1000S-118,single,0.1242,0.1863,50,2,3.5,6948.0
1000S-118,single,0.1242,0.1863,50,2,4.0,7152.0
1000S-118,single,0.1242,0.1863,50,2,6.0,7864.0
1000S-118,single,0.1242,0.1863,50,3,1.0,2330.0
1000S-118,single,0.1242,0.1863,50,3,3.5,2845.0
1000S-118,single,0.1242,0.1863,50,3,4.0,2921.0
1000S-118,single,0.1242,0.1863,50,3,6.0,3187.0
1000S-118,single,0.1242,0.1863,50,4,1.0,6934.0
1000S-118,single,0.1242,0.1863,50,4,3.5,8051.0
1000S-118,single,0.1242,0.1863,50,4,4.0,8217.0
1000S-118,single,0.1242,0.1863,50,4,6.0,8794.0
1200S-68,single,0.0713,0.1069,33,1,1.0,547.0
1200S-68,single,0.0713,0.1069,33,1,3.5,817.0
1200S-68,single,0.0713,0.1069,33,1,4.0,857.0
1200S-68,single,0.0713,0.1069,33,1,6.0,996.0
1200S-68,single,0.0713,0.1069,33,2,1.0,1262.0
1200S-68,single,0.0713,0.1069,33,2,3.5,1641.0
1200S-68,single,0.0713,0.1069,33,2,4.0,1697.0
1200S-68,single,0.0713,0.1069,33,2,6.0,1892.0
1200S-68,single,0.0713,0.1069,33,3,1.0,363.0
1200S-68,single,0.0713,0.1069,33,3,3.5,462.0
1200S-68,single,0.0713,0.1069,33,3,4.0,476.0
1200S-68,single,0.0713,0.1069,33,3,6.0,527.0
1200S-68,single,0.0713,0.1069,33,4,1.0,1320.0
1200S-68,single,0.0713,0.1069,33,4,3.5,1585.0
1200S-68,single,0.0713,0.1069,33,4,4.0,1625.0
1200S-68,single,0.0713,0.1069,33,4,6.0,1762.0
1200S-68,single,0.0713,0.1069,50,1,1.0,828.0
1200S-68,single,0.0713,0.1069,50,1,3.5,1237.0
1200S-68,single,0.0713,0.1069,50,1,4.0,1298.0
1200S-68,single,0.0713,0.1069,50,1,6.0,1509.0
1200S-68,single,0.0713,0.1069,50,2,1.0,1913.0
1200S-68,single,0.0713,0.1069,50,2,3.5,2486.0
1200S-68,single,0.0713,0.1069,50,2,4.0,2571.0
1200S-68,single,0.0713,0.1069,50,2,6.0,2866.0
1200S-68,single,0.0713,0.1069,50,3,1.0,551.0
1200S-68,single,0.0713,0.1069,50,3,3.5,699.0
1200S-68,single,0.0713,0.1069,50,3,4.0,721.0
1200S-68,single,0.0713,0.1069,50,3,6.0,798.0
1200S-68,single,0.0713,0.1069,50,4,1.0,2001.0
1200S-68,single,0.0713,0.1069,50,4,3.5,2402.0
1200S-68,single,0.0713,0.1069,50,4,4.0,2462.0
1200S-68,single,0.0713,0.1069,50,4,6.0,2669.0
1200S-97,single,0.1017,0.1525,50,1,1.0,1618.0
1200S-97,single,0.1017,0.1525,50,1,3.5,2355.0
1200S-97,single,0.1017,0.1525,50,1,4.0,2464.0
1200S-97,single,0.1017,0.1525,50,1,6.0,2844.0
1200S-97,single,0.1017,0.1525,50,2,1.0,3764.0
1200S-97,single,0.1017,0.1525,50,2,3.5,4764.0
1200S-97,single,0.1017,0.1525,50,2,4.0,4912.0
1200S-97,single,0.1017,0.1525,50,2,6.0,5429.0
1200S-97,single,0.1017,0.1525,50,3,1.0,1348.0
1200S-97,single,0.1017,0.1525,50,3,3.5,1668.0
1200S-97,single,0.1017,0.1525,50,3,4.0,1716.0
1200S-97,single,0.1017,0.1525,50,3,6.0,1882.0
1200S-97,single,0.1017,0.1525,50,4,1.0,4350.0
1200S-97,single,0.1017,0.1525,50,4,3.5,5109.0
1200S-97,single,0.1017,0.1525,50,4,4.0,5222.0
1200S-97,single,0.1017,0.1525,50,4,6.0,5614.0
1200S-118,single,0.1242,0.1863,50,1,1.0,2354.0
1200S-118,single,0.1242,0.1863,50,1,3.5,3375.0
1200S-118,single,0.1242,0.1863,50,1,4.0,3527.0
1200S-118,single,0.1242,0.1863,50,1,6.0,4054.0
1200S-118,single,0.1242,0.1863,50,2,1.0,5515.0
1200S-118,single,0.1242,0.1863,50,2,3.5,6881.0
1200S-118,single,0.1242,0.1863,50,2,4.0,7083.0
1200S-118,single,0.1242,0.1863,50,2,6.0,7788.0
1200S-118,single,0.1242,0.1863,50,3,1.0,2161.0
1200S-118,single,0.1242,0.1863,50,3,3.5,2638.0
1200S-118,single,0.1242,0.1863,50,3,4.0,2709.0
1200S-118,single,0.1242,0.1863,50,3,6.0,2956.0
1200S-118,single,0.1242,0.1863,50,4,1.0,6675.0
1200S-118,single,0.1242,0.1863,50,4,3.5,7750.0
1200S-118,single,0.1242,0.1863,50,4,4.0,7910.0
1200S-118,single,0.1242,0.1863,50,4,6.0,8465.0
1400S-68,single,0.0713,0.1069,33,1,1.0,531.0
1400S-68,single,0.0713,0.1069,33,1,3.5,793.0
1400S-68,single,0.0713,0.1069,33,1,4.0,832.0
1400S-68,single,0.0713,0.1069,33,1,6.0,968.0
1400S-68,single,0.0713,0.1069,33,2,1.0,1247.0
1400S-68,single,0.0713,0.1069,33,2,3.5,1621.0
1400S-68,single,0.0713,0.1069,33,2,4.0,1676.0
1400S-68,single,0.0713,0.1069,33,2,6.0,1869.0
1400S-68,single,0.0713,0.1069,33,3,1.0,316.0
1400S-68,single,0.0713,0.1069,33,3,3.5,401.0
1400S-68,single,0.0713,0.1069,33,3,4.0,414.0
1400S-68,single,0.0713,0.1069,33,3,6.0,458.0
1400S-68,single,0.0713,0.1069,33,4,1.0,1249.0
1400S-68,single,0.0713,0.1069,33,4,3.5,1500.0
1400S-68,single,0.0713,0.1069,33,4,4.0,1537.0
1400S-68,single,0.0713,0.1069,33,4,6.0,1666.0
1400S-68,single,0.0713,0.1069,50,1,1.0,805.0
1400S-68,single,0.0713,0.1069,50,1,3.5,1202.0
1400S-68,single,0.0713,0.1069,50,1,4.0,1261.0
1400S-68,single,0.0713,0.1069,50,1,6.0,1466.0
1400S-68,single,0.0713,0.1069,50,2,1.0,1890.0
1400S-68,single,0.0713,0.1069,50,2,3.5,2456.0
1400S-68,single,0.0713,0.1069,50,2,4.0,2540.0
1400S-68,single,0.0713,0.1069,50,2,6.0,2832.0
1400S-68,single,0.0713,0.1069,50,3,1.0,479.0
1400S-68,single,0.0713,0.1069,50,3,3.5,608.0
1400S-68,single,0.0713,0.1069,50,3,4.0,627.0
1400S-68,single,0.0713,0.1069,50,3,6.0,694.0
1400S-68,single,0.0713,0.1069,50,4,1.0,1892.0
1400S-68,single,0.0713,0.1069,50,4,3.5,2272.0
1400S-68,single,0.0713,0.1069,50,4,4.0,2329.0
1400S-68,single,0.0713,0.1069,50,4,6.0,2525.0
1400S-97,single,0.1017,0.1525,50,1,1.0,1581.0
1400S-97,single,0.1017,0.1525,50,1,3.5,2302.0
1400S-97,single,0.1017,0.1525,50,1,4.0,2408.0
1400S-97,single,0.1017,0.1525,50,1,6.0,2780.0
1400S-97,single,0.1017,0.1525,50,2,1.0,3727.0
1400S-97,single,0.1017,0.1525,50,2,3.5,4717.0
1400S-97,single,0.1017,0.1525,50,2,4.0,4864.0
1400S-97,single,0.1017,0.1525,50,2,6.0,5375.0
1400S-97,single,0.1017,0.1525,50,3,1.0,1230.0
1400S-97,single,0.1017,0.1525,50,3,3.5,1523.0
1400S-97,single,0.1017,0.1525,50,3,4.0,1567.0
1400S-97,single,0.1017,0.1525,50,3,6.0,1718.0
1400S-97,single,0.1017,0.1525,50,4,1.0,4171.0
1400S-97,single,0.1017,0.1525,50,4,3.5,4900.0
1400S-97,single,0.1017,0.1525,50,4,4.0,5008.0
1400S-97,single,0.1017,0.1525,50,4,6.0,5384.0
1400S-118,single,0.1242,0.1863,50,1,1.0,2307.0
1400S-118,single,0.1242,0.1863,50,1,3.5,3308.0
1400S-118,single,0.1242,0.1863,50,1,4.0,3456.0
1400S-118,single,0.1242,0.1863,50,1,6.0,3973.0
1400S-118,single,0.1242,0.1863,50,2,1.0,5466.0
1400S-118,single,0.1242,0.1863,50,2,3.5,6819.0
1400S-118,single,0.1242,0.1863,50,2,4.0,7020.0
1400S-118,single,0.1242,0.1863,50,2,6.0,7719.0
1400S-118,single,0.1242,0.1863,50,3,1.0,2006.0
1400S-118,single,0.1242,0.1863,50,3,3.5,2449.0
1400S-118,single,0.1242,0.1863,50,3,4.0,2515.0
1400S-118,single,0.1242,0.1863,50,3,6.0,2744.0
1400S-118,single,0.1242,0.1863,50,4,1.0,6437.0
1400S-118,single,0.1242,0.1863,50,4,3.5,7474.0
1400S-118,single,0.1242,0.1863,50,4,4.0,7628.0
1400S-118,single,0.1242,0.1863,50,4,6.0,8164.0
1600S-97,single,0.1017,0.1525,50,1,1.0,1547.0
1600S-97,single,0.1017,0.1525,50,1,3.5,2252.0
1600S-97,single,0.1017,0.1525,50,1,4.0,2357.0
1600S-97,single,0.1017,0.1525,50,1,6.0,2721.0
1600S-97,single,0.1017,0.1525,50,2,1.0,3692.0
1600S-97,single,0.1017,0.1525,50,2,3.5,4673.0
1600S-97,single,0.1017,0.1525,50,2,4.0,4818.0
1600S-97,single,0.1017,0.1525,50,2,6.0,5325.0
1600S-97,single,0.1017,0.1525,50,3,1.0,1121.0
1600S-97,single,0.1017,0.1525,50,3,3.5,1388.0
1600S-97,single,0.1017,0.1525,50,3,4.0,1428.0
1600S-97,single,0.1017,0.1525,50,3,6.0,1566.0
1600S-97,single,0.1017,0.1525,50,4,1.0,4005.0
1600S-97,single,0.1017,0.1525,50,4,3.5,4705.0
1600S-97,single,0.1017,0.1525,50,4,4.0,4809.0
1600S-97,single,0.1017,0.1525,50,4,6.0,5170.0
1600S-118,single,0.1242,0.1863,50,1,1.0,2263.0
1600S-118,single,0.1242,0.1863,50,1,3.5,3245.0
1600S-118,single,0.1242,0.1863,50,1,4.0,3391.0
1600S-118,single,0.1242,0.1863,50,1,6.0,3898.0
1600S-118,single,0.1242,0.1863,50,2,1.0,5420.0
1600S-118,single,0.1242,0.1863,50,2,3.5,6762.0
1600S-118,single,0.1242,0.1863,50,2,4.0,6961.0
1600S-118,single,0.1242,0.1863,50,2,6.0,7654.0
1600S-118,single,0.1242,0.1863,50,3,1.0,1862.0
1600S-118,single,0.1242,0.1863,50,3,3.5,2274.0
1600S-118,single,0.1242,0.1863,50,3,4.0,2335.0
1600S-118,single,0.1242,0.1863,50,3,6.0,2548.0
1600S-118,single,0.1242,0.1863,50,4,1.0,6217.0
1600S-118,single,0.1242,0.1863,50,4,3.5,7219.0
1600S-118,single,0.1242,0.1863,50,4,4.0,7367.0
1600S-118,single,0.1242,0.1863,50,4,6.0,7884.0
800S-43,back_to_back,0.0451,0.0712,33,1,1.0,633.0
800S-43,back_to_back,0.0451,0.0712,33,1,3.5,946.0
800S-43,back_to_back,0.0451,0.0712,33,1,4.0,993.0
800S-43,back_to_back,0.0451,0.0712,33,1,6.0,1154.0
800S-43,back_to_back,0.0451,0.0712,33,2,1.0,926.0
800S-43,back_to_back,0.0451,0.0712,33,2,3.5,1202.0
800S-43,back_to_back,0.0451,0.0712,33,2,4.0,1242.0
800S-43,back_to_back,0.0451,0.0712,33,2,6.0,1384.0
800S-43,back_to_back,0.0451,0.0712,33,3,1.0,302.0
800S-43,back_to_back,0.0451,0.0712,33,3,3.5,374.0
800S-43,back_to_back,0.0451,0.0712,33,3,4.0,384.0
800S-43,back_to_back,0.0451,0.0712,33,3,6.0,421.0
800S-43,back_to_back,0.0451,0.0712,33,4,1.0,651.0
800S-43,back_to_back,0.0451,0.0712,33,4,3.5,806.0
800S-43,back_to_back,0.0451,0.0712,33,4,4.0,829.0
800S-43,back_to_back,0.0451,0.0712,33,4,6.0,909.0
800S-54,back_to_back,0.0566,0.0849,33,1,1.0,942.0
800S-54,back_to_back,0.0566,0.0849,33,1,3.5,1386.0
800S-54,back_to_back,0.0566,0.0849,33,1,4.0,1452.0
800S-54,back_to_back,0.0566,0.0849,33,1,6.0,1681.0
800S-54,back_to_back,0.0566,0.0849,33,2,1.0,1417.0
800S-54,back_to_back,0.0566,0.0849,33,2,3.5,1807.0
800S-54,back_to_back,0.0566,0.0849,33,2,4.0,1865.0
800S-54,back_to_back,0.0566,0.0849,33,2,6.0,2067.0
800S-54,back_to_back,0.0566,0.0849,33,3,1.0,519.0
800S-54,back_to_back,0.0566,0.0849,33,3,3.5,633.0
800S-54,back_to_back,0.0566,0.0849,33,3,4.0,650.0
800S-54,back_to_back,0.0566,0.0849,33,3,6.0,709.0
800S-54,back_to_back,0.0566,0.0849,33,4,1.0,1123.0
800S-54,back_to_back,0.0566,0.0849,33,4,3.5,1369.0
800S-54,back_to_back,0.0566,0.0849,33,4,4.0,1405.0
800S-54,back_to_back,0.0566,0.0849,33,4,6.0,1532.0
800S-54,back_to_back,0.0566,0.0849,50,1,1.0,1428.0
800S-54,back_to_back,0.0566,0.0849,50,1,3.5,2100.0
800S-54,back_to_back,0.0566,0.0849,50,1,4.0,2200.0
800S-54,back_to_back,0.0566,0.0849,50,1,6.0,2546.0
800S-54,back_to_back,0.0566,0.0849,50,2,1.0,2147.0
800S-54,back_to_back,0.0566,0.0849,50,2,3.5,2738.0
800S-54,back_to_back,0.0566,0.0849,50,2,4.0,2826.0
800S-54,back_to_back,0.0566,0.0849,50,2,6.0,3131.0
800S-54,back_to_back,0.0566,0.0849,50,3,1.0,787.0
800S-54,back_to_back,0.0566,0.0849,50,3,3.5,959.0
800S-54,back_to_back,0.0566,0.0849,50,3,4.0,985.0
800S-54,back_to_back,0.0566,0.0849,50,3,6.0,1074.0
800S-54,back_to_back,0.0566,0.0849,50,4,1.0,1701.0
800S-54,back_to_back,0.0566,0.0849,50,4,3.5,2074.0
800S-54,back_to_back,0.0566,0.0849,50,4,4.0,2129.0
800S-54,back_to_back,0.0566,0.0849,50,4,6.0,2322.0
800S-68,back_to_back,0.0713,0.1069,33,1,1.0,1409.0
800S-68,back_to_back,0.0713,0.1069,33,1,3.5,2037.0
800S-68,back_to_back,0.0713,0.1069,33,1,4.0,2130.0
800S-68,back_to_back,0.0713,0.1069,33,1,6.0,2455.0
800S-68,back_to_back,0.0713,0.1069,33,2,1.0,2174.0
800S-68,back_to_back,0.0713,0.1069,33,2,3.5,2727.0
800S-68,back_to_back,0.0713,0.1069,33,2,4.0,2809.0
800S-68,back_to_back,0.0713,0.1069,33,2,6.0,3094.0
800S-68,back_to_back,0.0713,0.1069,33,3,1.0,881.0
800S-68,back_to_back,0.0713,0.1069,33,3,3.5,1058.0
800S-68,back_to_back,0.0713,0.1069,33,3,4.0,1084.0
800S-68,back_to_back,0.0713,0.1069,33,3,6.0,1175.0
800S-68,back_to_back,0.0713,0.1069,33,4,1.0,1905.0
800S-68,back_to_back,0.0713,0.1069,33,4,3.5,2287.0
800S-68,back_to_back,0.0713,0.1069,33,4,4.0,2344.0
800S-68,back_to_back,0.0713,0.1069,33,4,6.0,2542.0
800S-68,back_to_back,0.0713,0.1069,50,1,1.0,2135.0
800S-68,back_to_back,0.0713,0.1069,50,1,3.5,3087.0
800S-68,back_to_back,0.0713,0.1069,50,1,4.0,3228.0
800S-68,back_to_back,0.0713,0.1069,50,1,6.0,3719.0
800S-68,back_to_back,0.0713,0.1069,50,2,1.0,3295.0
800S-68,back_to_back,0.0713,0.1069,50,2,3.5,4132.0
800S-68,back_to_back,0.0713,0.1069,50,2,4.0,4256.0
800S-68,back_to_back,0.0713,0.1069,50,2,6.0,4688.0
800S-68,back_to_back,0.0713,0.1069,50,3,1.0,1335.0
800S-68,back_to_back,0.0713,0.1069,50,3,3.5,1602.0
800S-68,back_to_back,0.0713,0.1069,50,3,4.0,1642.0
800S-68,back_to_back,0.0713,0.1069,50,3,6.0,1781.0
800S-68,back_to_back,0.0713,0.1069,50,4,1.0,2886.0
800S-68,back_to_back,0.0713,0.1069,50,4,3.5,3466.0
800S-68,back_to_back,0.0713,0.1069,50,4,4.0,3552.0
800S-68,back_to_back,0.0713,0.1069,50,4,6.0,3851.0
800S-97,back_to_back,0.1017,0.1525,50,1,1.0,3989.0
800S-97,back_to_back,0.1017,0.1525,50,1,3.5,5613.0
800S-97,back_to_back,0.1017,0.1525,50,1,4.0,5854.0
800S-97,back_to_back,0.1017,0.1525,50,1,6.0,6692.0
800S-97,back_to_back,0.1017,0.1525,50,2,1.0,6396.0
800S-97,back_to_back,0.1017,0.1525,50,2,3.5,7825.0
800S-97,back_to_back,0.1017,0.1525,50,2,4.0,8036.0
800S-97,back_to_back,0.1017,0.1525,50,2,6.0,8774.0
800S-97,back_to_back,0.1017,0.1525,50,3,1.0,2929.0
800S-97,back_to_back,0.1017,0.1525,50,3,3.5,3441.0
800S-97,back_to_back,0.1017,0.1525,50,3,4.0,3517.0
800S-97,back_to_back,0.1017,0.1525,50,3,6.0,3781.0
800S-97,back_to_back,0.1017,0.1525,50,4,1.0,6335.0
800S-97,back_to_back,0.1017,0.1525,50,4,3.5,7442.0
800S-97,back_to_back,0.1017,0.1525,50,4,4.0,7606.0
800S-97,back_to_back,0.1017,0.1525,50,4,6.0,8177.0
800S-118,back_to_back,0.1242,0.1863,50,1,1.0,5690.0
800S-118,back_to_back,0.1242,0.1863,50,1,3.5,7883.0
800S-118,back_to_back,0.1242,0.1863,50,1,4.0,8209.0
800S-118,back_to_back,0.1242,0.1863,50,1,6.0,9341.0
800S-118,back_to_back,0.1242,0.1863,50,2,1.0,9314.0
800S-118,back_to_back,0.1242,0.1863,50,2,3.5,11244.0
800S-118,back_to_back,0.1242,0.1863,50,2,4.0,11530.0
800S-118,back_to_back,0.1242,0.1863,50,2,6.0,12526.0
800S-118,back_to_back,0.1242,0.1863,50,3,1.0,4514.0
800S-118,back_to_back,0.1242,0.1863,50,3,3.5,5241.0
800S-118,back_to_back,0.1242,0.1863,50,3,4.0,5349.0
800S-118,back_to_back,0.1242,0.1863,50,3,6.0,5724.0
800S-118,back_to_back,0.1242,0.1863,50,4,1.0,9762.0
800S-118,back_to_back,0.1242,0.1863,50,4,3.5,11335.0
800S-118,back_to_back,0.1242,0.1863,50,4,4.0,11568.0
800S-118,back_to_back,0.1242,0.1863,50,4,6.0,12380.0
1000S-54,back_to_back,0.0566,0.0849,33,1,1.0,941.0
1000S-54,back_to_back,0.0566,0.0849,33,1,3.5,1384.0
1000S-54,back_to_back,0.0566,0.0849,33,1,4.0,1450.0
1000S-54,back_to_back,0.0566,0.0849,33,1,6.0,1678.0
1000S-54,back_to_back,0.0566,0.0849,33,2,1.0,1415.0
1000S-54,back_to_back,0.0566,0.0849,33,2,3.5,1805.0
1000S-54,back_to_back,0.0566,0.0849,33,2,4.0,1863.0
1000S-54,back_to_back,0.0566,0.0849,33,2,6.0,2064.0
1000S-54,back_to_back,0.0566,0.0849,33,3,1.0,464.0
1000S-54,back_to_back,0.0566,0.0849,33,3,3.5,565.0
1000S-54,back_to_back,0.0566,0.0849,33,3,4.0,580.0
1000S-54,back_to_back,0.0566,0.0849,33,3,6.0,633.0
1000S-54,back_to_back,0.0566,0.0849,33,4,1.0,1003.0
1000S-54,back_to_back,0.0566,0.0849,33,4,3.5,1222.0
1000S-54,back_to_back,0.0566,0.0849,33,4,4.0,1255.0
1000S-54,back_to_back,0.0566,0.0849,33,4,6.0,1368.0
1000S-54,back_to_back,0.0566,0.0849,50,1,1.0,1426.0
1000S-54,back_to_back,0.0566,0.0849,50,1,3.5,2097.0
1000S-54,back_to_back,0.0566,0.0849,50,1,4.0,2196.0
1000S-54,back_to_back,0.0566,0.0849,50,1,6.0,2543.0
1000S-54,back_to_back,0.0566,0.0849,50,2,1.0,2144.0
1000S-54,back_to_back,0.0566,0.0849,50,2,3.5,2735.0
1000S-54,back_to_back,0.0566,0.0849,50,2,4.0,2822.0
1000S-54,back_to_back,0.0566,0.0849,50,2,6.0,3127.0
1000S-54,back_to_back,0.0566,0.0849,50,3,1.0,702.0
1000S-54,back_to_back,0.0566,0.0849,50,3,3.5,856.0
1000S-54,back_to_back,0.0566,0.0849,50,3,4.0,879.0
1000S-54,back_to_back,0.0566,0.0849,50,3,6.0,959.0
1000S-54,back_to_back,0.0566,0.0849,50,4,1.0,1519.0
1000S-54,back_to_back,0.0566,0.0849,50,4,3.5,1852.0
1000S-54,back_to_back,0.0566,0.0849,50,4,4.0,1901.0
1000S-54,back_to_back,0.0566,0.0849,50,4,6.0,2073.0
1000S-68,back_to_back,0.0713,0.1069,33,1,1.0,1407.0
1000S-68,back_to_back,0.0713,0.1069,33,1,3.5,2035.0
1000S-68,back_to_back,0.0713,0.1069,33,1,4.0,2128.0
1000S-68,back_to_back,0.0713,0.1069,33,1,6.0,2451.0
1000S-68,back_to_back,0.0713,0.1069,33,2,1.0,2172.0
1000S-68,back_to_back,0.0713,0.1069,33,2,3.5,2723.0
1000S-68,back_to_back,0.0713,0.1069,33,2,4.0,2805.0
1000S-68,back_to_back,0.0713,0.1069,33,2,6.0,3090.0
1000S-68,back_to_back,0.0713,0.1069,33,3,1.0,804.0
1000S-68,back_to_back,0.0713,0.1069,33,3,3.5,965.0
1000S-68,back_to_back,0.0713,0.1069,33,3,4.0,989.0
1000S-68,back_to_back,0.0713,0.1069,33,3,6.0,1073.0
1000S-68,back_to_back,0.0713,0.1069,33,4,1.0,1739.0
1000S-68,back_to_back,0.0713,0.1069,33,4,3.5,2088.0
1000S-68,back_to_back,0.0713,0.1069,33,4,4.0,2140.0
1000S-68,back_to_back,0.0713,0.1069,33,4,6.0,2320.0
1000S-68,back_to_back,0.0713,0.1069,50,1,1.0,2132.0
1000S-68,back_to_back,0.0713,0.1069,50,1,3.5,3083.0
1000S-68,back_to_back,0.0713,0.1069,50,1,4.0,3224.0
1000S-68,back_to_back,0.0713,0.1069,50,1,6.0,3714.0
1000S-68,back_to_back,0.0713,0.1069,50,2,1.0,3290.0
1000S-68,back_to_back,0.0713,0.1069,50,2,3.5,4126.0
1000S-68,back_to_back,0.0713,0.1069,50,2,4.0,4250.0
1000S-68,back_to_back,0.0713,0.1069,50,2,6.0,4682.0
1000S-68,back_to_back,0.0713,0.1069,50,3,1.0,1218.0
1000S-68,back_to_back,0.0713,0.1069,50,3,3.5,1463.0
1000S-68,back_to_back,0.0713,0.1069,50,3,4.0,1499.0
1000S-68,back_to_back,0.0713,0.1069,50,3,6.0,1625.0
1000S-68,back_to_back,0.0713,0.1069,50,4,1.0,2635.0
1000S-68,back_to_back,0.0713,0.1069,50,4,3.5,3164.0
1000S-68,back_to_back,0.0713,0.1069,50,4,4.0,3242.0
1000S-68,back_to_back,0.0713,0.1069,50,4,6.0,3515.0
1000S-97,back_to_back,0.1017,0.1525,50,1,1.0,3985.0
1000S-97,back_to_back,0.1017,0.1525,50,1,3.5,5607.0
1000S-97,back_to_back,0.1017,0.1525,50,1,4.0,5848.0
1000S-97,back_to_back,0.1017,0.1525,50,1,6.0,6685.0
1000S-97,back_to_back,0.1017,0.1525,50,2,1.0,6389.0
1000S-97,back_to_back,0.1017,0.1525,50,2,3.5,7816.0
1000S-97,back_to_back,0.1017,0.1525,50,2,4.0,8028.0
1000S-97,back_to_back,0.1017,0.1525,50,2,6.0,8764.0
1000S-97,back_to_back,0.1017,0.1525,50,3,1.0,2737.0
1000S-97,back_to_back,0.1017,0.1525,50,3,3.5,3215.0
1000S-97,back_to_back,0.1017,0.1525,50,3,4.0,3286.0
1000S-97,back_to_back,0.1017,0.1525,50,3,6.0,3533.0
1000S-97,back_to_back,0.1017,0.1525,50,4,1.0,5920.0
1000S-97,back_to_back,0.1017,0.1525,50,4,3.5,6953.0
1000S-97,back_to_back,0.1017,0.1525,50,4,4.0,7107.0
1000S-97,back_to_back,0.1017,0.1525,50,4,6.0,7640.0
1000S-118,back_to_back,0.1242,0.1863,50,1,1.0,5684.0
1000S-118,back_to_back,0.1242,0.1863,50,1,3.5,7875.0
1000S-118,back_to_back,0.1242,0.1863,50,1,4.0,8200.0
1000S-118,back_to_back,0.1242,0.1863,50,1,6.0,9332.0
1000S-118,back_to_back,0.1242,0.1863,50,2,1.0,9305.0
1000S-118,back_to_back,0.1242,0.1863,50,2,3.5,11233.0
1000S-118,back_to_back,0.1242,0.1863,50,2,4.0,11519.0
1000S-118,back_to_back,0.1242,0.1863,50,2,6.0,12514.0
1000S-118,back_to_back,0.1242,0.1863,50,3,1.0,4257.0
1000S-118,back_to_back,0.1242,0.1863,50,3,3.5,4943.0
1000S-118,back_to_back,0.1242,0.1863,50,3,4.0,5045.0
1000S-118,back_to_back,0.1242,0.1863,50,3,6.0,5399.0
1000S-118,back_to_back,0.1242,0.1863,50,4,1.0,9208.0
1000S-118,back_to_back,0.1242,0.1863,50,4,3.5,10691.0
1000S-118,back_to_back,0.1242,0.1863,50,4,4.0,10911.0
1000S-118,back_to_back,0.1242,0.1863,50,4,6.0,11677.0
1200S-68,back_to_back,0.0713,0.1069,33,1,1.0,1406.0
1200S-68,back_to_back,0.0713,0.1069,33,1,3.5,2032.0
1200S-68,back_to_back,0.0713,0.1069,33,1,4.0,2125.0
1200S-68,back_to_back,0.0713,0.1069,33,1,6.0,2449.0
1200S-68,back_to_back,0.0713,0.1069,33,2,1.0,2169.0
1200S-68,back_to_back,0.0713,0.1069,33,2,3.5,2720.0
1200S-68,back_to_back,0.0713,0.1069,33,2,4.0,2802.0
1200S-68,back_to_back,0.0713,0.1069,33,2,6.0,3086.0
1200S-68,back_to_back,0.0713,0.1069,33,3,1.0,735.0
1200S-68,back_to_back,0.0713,0.1069,33,3,3.5,883.0
1200S-68,back_to_back,0.0713,0.1069,33,3,4.0,904.0
1200S-68,back_to_back,0.0713,0.1069,33,3,6.0,981.0
1200S-68,back_to_back,0.0713,0.1069,33,4,1.0,1590.0
1200S-68,back_to_back,0.0713,0.1069,33,4,3.5,1909.0
1200S-68,back_to_back,0.0713,0.1069,33,4,4.0,1956.0
1200S-68,back_to_back,0.0713,0.1069,33,4,6.0,2121.0
1200S-68,back_to_back,0.0713,0.1069,50,1,1.0,2130.0
1200S-68,back_to_back,0.0713,0.1069,50,1,3.5,3079.0
1200S-68,back_to_back,0.0713,0.1069,50,1,4.0,3220.0
1200S-68,back_to_back,0.0713,0.1069,50,1,6.0,3710.0
1200S-68,back_to_back,0.0713,0.1069,50,2,1.0,3287.0
1200S-68,back_to_back,0.0713,0.1069,50,2,3.5,4122.0
1200S-68,back_to_back,0.0713,0.1069,50,2,4.0,4245.0
1200S-68,back_to_back,0.0713,0.1069,50,2,6.0,4676.0
1200S-68,back_to_back,0.0713,0.1069,50,3,1.0,1114.0
1200S-68,back_to_back,0.0713,0.1069,50,3,3.5,1337.0
1200S-68,back_to_back,0.0713,0.1069,50,3,4.0,1370.0
1200S-68,back_to_back,0.0713,0.1069,50,3,6.0,1486.0
1200S-68,back_to_back,0.0713,0.1069,50,4,1.0,2408.0
1200S-68,back_to_back,0.0713,0.1069,50,4,3.5,2892.0
1200S-68,back_to_back,0.0713,0.1069,50,4,4.0,2964.0
1200S-68,back_to_back,0.0713,0.1069,50,4,6.0,3213.0
1200S-97,back_to_back,0.1017,0.1525,50,1,1.0,3981.0
1200S-97,back_to_back,0.1017,0.1525,50,1,3.5,5601.0
1200S-97,back_to_back,0.1017,0.1525,50,1,4.0,5842.0
1200S-97,back_to_back,0.1017,0.1525,50,1,6.0,6678.0
1200S-97,back_to_back,0.1017,0.1525,50,2,1.0,6383.0
1200S-97,back_to_back,0.1017,0.1525,50,2,3.5,7808.0
1200S-97,back_to_back,0.1017,0.1525,50,2,4.0,8020.0
1200S-97,back_to_back,0.1017,0.1525,50,2,6.0,8756.0
1200S-97,back_to_back,0.1017,0.1525,50,3,1.0,2564.0
1200S-97,back_to_back,0.1017,0.1525,50,3,3.5,3012.0
1200S-97,back_to_back,0.1017,0.1525,50,3,4.0,3078.0
1200S-97,back_to_back,0.1017,0.1525,50,3,6.0,3309.0
1200S-97,back_to_back,0.1017,0.1525,50,4,1.0,5545.0
1200S-97,back_to_back,0.1017,0.1525,50,4,3.5,6514.0
1200S-97,back_to_back,0.1017,0.1525,50,4,4.0,6658.0
1200S-97,back_to_back,0.1017,0.1525,50,4,6.0,7158.0
1200S-118,back_to_back,0.1242,0.1863,50,1,1.0,5679.0
1200S-118,back_to_back,0.1242,0.1863,50,1,3.5,7868.0
1200S-118,back_to_back,0.1242,0.1863,50,1,4.0,8193.0
1200S-118,back_to_back,0.1242,0.1863,50,1,6.0,9323.0
1200S-118,back_to_back,0.1242,0.1863,50,2,1.0,9297.0
1200S-118,back_to_back,0.1242,0.1863,50,2,3.5,11223.0
1200S-118,back_to_back,0.1242,0.1863,50,2,4.0,11508.0
1200S-118,back_to_back,0.1242,0.1863,50,2,6.0,12503.0
1200S-118,back_to_back,0.1242,0.1863,50,3,1.0,4027.0
1200S-118,back_to_back,0.1242,0.1863,50,3,3.5,4676.0
1200S-118,back_to_back,0.1242,0.1863,50,3,4.0,4772.0
1200S-118,back_to_back,0.1242,0.1863,50,3,6.0,5107.0
1200S-118,back_to_back,0.1242,0.1863,50,4,1.0,8710.0
1200S-118,back_to_back,0.1242,0.1863,50,4,3.5,10113.0
1200S-118,back_to_back,0.1242,0.1863,50,4,4.0,10321.0
1200S-118,back_to_back,0.1242,0.1863,50,4,6.0,11046.0
1400S-68,back_to_back,0.0713,0.1069,33,1,1.0,1404.0
1400S-68,back_to_back,0.0713,0.1069,33,1,3.5,2030.0
1400S-68,back_to_back,0.0713,0.1069,33,1,4.0,2123.0
1400S-68,back_to_back,0.0713,0.1069,33,1,6.0,2446.0
1400S-68,back_to_back,0.0713,0.1069,33,2,1.0,2167.0
1400S-68,back_to_back,0.0713,0.1069,33,2,3.5,2717.0
1400S-68,back_to_back,0.0713,0.1069,33,2,4.0,2799.0
1400S-68,back_to_back,0.0713,0.1069,33,2,6.0,3083.0
1400S-68,back_to_back,0.0713,0.1069,33,3,1.0,672.0
1400S-68,back_to_back,0.0713,0.1069,33,3,3.5,806.0
1400S-68,back_to_back,0.0713,0.1069,33,3,4.0,826.0
1400S-68,back_to_back,0.0713,0.1069,33,3,6.0,896.0
1400S-68,back_to_back,0.0713,0.1069,33,4,1.0,1452.0
1400S-68,back_to_back,0.0713,0.1069,33,4,3.5,1744.0
1400S-68,back_to_back,0.0713,0.1069,33,4,4.0,1787.0
1400S-68,back_to_back,0.0713,0.1069,33,4,6.0,1938.0
1400S-68,back_to_back,0.0713,0.1069,50,1,1.0,2127.0
1400S-68,back_to_back,0.0713,0.1069,50,1,3.5,3076.0
1400S-68,back_to_back,0.0713,0.1069,50,1,4.0,3216.0
1400S-68,back_to_back,0.0713,0.1069,50,1,6.0,3706.0
1400S-68,back_to_back,0.0713,0.1069,50,2,1.0,3283.0
1400S-68,back_to_back,0.0713,0.1069,50,2,3.5,4117.0
1400S-68,back_to_back,0.0713,0.1069,50,2,4.0,4241.0
1400S-68,back_to_back,0.0713,0.1069,50,2,6.0,4671.0
1400S-68,back_to_back,0.0713,0.1069,50,3,1.0,1018.0
1400S-68,back_to_back,0.0713,0.1069,50,3,3.5,1222.0
1400S-68,back_to_back,0.0713,0.1069,50,3,4.0,1252.0
1400S-68,back_to_back,0.0713,0.1069,50,3,6.0,1358.0
1400S-68,back_to_back,0.0713,0.1069,50,4,1.0,2201.0
1400S-68,back_to_back,0.0713,0.1069,50,4,3.5,2642.0
1400S-68,back_to_back,0.0713,0.1069,50,4,4.0,2708.0
1400S-68,back_to_back,0.0713,0.1069,50,4,6.0,2936.0
1400S-97,back_to_back,0.1017,0.1525,50,1,1.0,3977.0
1400S-97,back_to_back,0.1017,0.1525,50,1,3.5,5596.0
1400S-97,back_to_back,0.1017,0.1525,50,1,4.0,5837.0
1400S-97,back_to_back,0.1017,0.1525,50,1,6.0,6672.0
1400S-97,back_to_back,0.1017,0.1525,50,2,1.0,6377.0
1400S-97,back_to_back,0.1017,0.1525,50,2,3.5,7801.0
1400S-97,back_to_back,0.1017,0.1525,50,2,4.0,8013.0
1400S-97,back_to_back,0.1017,0.1525,50,2,6.0,8748.0
1400S-97,back_to_back,0.1017,0.1525,50,3,1.0,2406.0
1400S-97,back_to_back,0.1017,0.1525,50,3,3.5,2826.0
1400S-97,back_to_back,0.1017,0.1525,50,3,4.0,2888.0
1400S-97,back_to_back,0.1017,0.1525,50,3,6.0,3105.0
1400S-97,back_to_back,0.1017,0.1525,50,4,1.0,5203.0
1400S-97,back_to_back,0.1017,0.1525,50,4,3.5,6111.0
1400S-97,back_to_back,0.1017,0.1525,50,4,4.0,6246.0
1400S-97,back_to_back,0.1017,0.1525,50,4,6.0,6715.0
1400S-118,back_to_back,0.1242,0.1863,50,1,1.0,5674.0
1400S-118,back_to_back,0.1242,0.1863,50,1,3.5,7862.0
1400S-118,back_to_back,0.1242,0.1863,50,1,4.0,8186.0
1400S-118,back_to_back,0.1242,0.1863,50,1,6.0,9316.0
1400S-118,back_to_back,0.1242,0.1863,50,2,1.0,9289.0
1400S-118,back_to_back,0.1242,0.1863,50,2,3.5,11214.0
1400S-118,back_to_back,0.1242,0.1863,50,2,4.0,11499.0
1400S-118,back_to_back,0.1242,0.1863,50,2,6.0,12492.0
1400S-118,back_to_back,0.1242,0.1863,50,3,1.0,3817.0
1400S-118,back_to_back,0.1242,0.1863,50,3,3.5,4432.0
1400S-118,back_to_back,0.1242,0.1863,50,3,4.0,4523.0
1400S-118,back_to_back,0.1242,0.1863,50,3,6.0,4840.0
1400S-118,back_to_back,0.1242,0.1863,50,4,1.0,8254.0
1400S-118,back_to_back,0.1242,0.1863,50,4,3.5,9584.0
1400S-118,back_to_back,0.1242,0.1863,50,4,4.0,9781.0
1400S-118,back_to_back,0.1242,0.1863,50,4,6.0,10468.0
1600S-97,back_to_back,0.1017,0.1525,50,1,1.0,3974.0
1600S-97,back_to_back,0.1017,0.1525,50,1,3.5,5592.0
1600S-97,back_to_back,0.1017,0.1525,50,1,4.0,5832.0
1600S-97,back_to_back,0.1017,0.1525,50,1,6.0,6667.0
1600S-97,back_to_back,0.1017,0.1525,50,2,1.0,6372.0
1600S-97,back_to_back,0.1017,0.1525,50,2,3.5,7795.0
1600S-97,back_to_back,0.1017,0.1525,50,2,4.0,8006.0
1600S-97,back_to_back,0.1017,0.1525,50,2,6.0,8741.0
1600S-97,back_to_back,0.1017,0.1525,50,3,1.0,2259.0
1600S-97,back_to_back,0.1017,0.1525,50,3,3.5,2653.0
1600S-97,back_to_back,0.1017,0.1525,50,3,4.0,2712.0
1600S-97,back_to_back,0.1017,0.1525,50,3,6.0,2915.0
1600S-97,back_to_back,0.1017,0.1525,50,4,1.0,4885.0
1600S-97,back_to_back,0.1017,0.1525,50,4,3.5,5738.0
1600S-97,back_to_back,0.1017,0.1525,50,4,4.0,5864.0
1600S-97,back_to_back,0.1017,0.1525,50,4,6.0,6305.0
1600S-118,back_to_back,0.1242,0.1863,50,1,1.0,5670.0
1600S-118,back_to_back,0.1242,0.1863,50,1,3.5,7856.0
1600S-118,back_to_back,0.1242,0.1863,50,1,4.0,8180.0
1600S-118,back_to_back,0.1242,0.1863,50,1,6.0,9309.0
1600S-118,back_to_back,0.1242,0.1863,50,2,1.0,9282.0
1600S-118,back_to_back,0.1242,0.1863,50,2,3.5,11205.0
1600S-118,back_to_back,0.1242,0.1863,50,2,4.0,11490.0
1600S-118,back_to_back,0.1242,0.1863,50,2,6.0,12483.0
1600S-118,back_to_back,0.1242,0.1863,50,3,1.0,3621.0
1600S-118,back_to_back,0.1242,0.1863,50,3,3.5,4205.0
1600S-118,back_to_back,0.1242,0.1863,50,3,4.0,4291.0
1600S-118,back_to_back,0.1242,0.1863,50,3,6.0,4592.0
1600S-118,back_to_back,0.1242,0.1863,50,4,1.0,7832.0
1600S-118,back_to_back,0.1242,0.1863,50,4,3.5,9093.0
1600S-118,back_to_back,0.1242,0.1863,50,4,4.0,9281.0
1600S-118,back_to_back,0.1242,0.1863,50,4,6.0,9932.0
