member,Fy,span_ft,w_asd_plf,footnote
550S162-33,33,3,931.0,e
550S162-33,33,4,698.0,e
550S162-33,33,5,535.0,e
550S162-33,33,6,371.0,e
550S162-33,33,8,209.0,e
550S162-33,33,10,127.0,e
550S162-33,33,12,74.0,e
550S162-43,33,3,2066.0,e
550S162-43,33,4,1203.0,e
550S162-43,33,5,770.0,e
550S162-43,33,6,535.0,e
550S162-43,33,8,301.0,e
550S162-43,33,10,165.0,e
550S162-43,33,12,95.0,e
550S162-54,33,3,2761.0,e
550S162-54,33,4,1553.0,e
550S162-54,33,5,994.0,e
550S162-54,33,6,690.0,e
550S162-54,33,8,388.0,e
550S162-54,33,10,203.0,e
550S162-54,33,12,118.0,
550S162-54,50,3,3617.0,e
550S162-54,50,4,2034.0,e
550S162-54,50,5,1302.0,e
550S162-54,50,6,904.0,e
550S162-54,50,8,397.0,e
550S162-54,50,10,203.0,e
550S162-54,50,12,118.0,
550S162-68,50,3,5032.0,e
550S162-68,50,4,2831.0,e
550S162-68,50,5,1812.0,e
550S162-68,50,6,1158.0,e
550S162-68,50,8,489.0,e
550S162-68,50,10,250.0,e
550S162-68,50,12,145.0,
600S137-33,33,3,850.0,e
600S137-33,33,4,638.0,e
600S137-33,33,5,465.0,e
600S137-33,33,6,323.0,e
600S137-33,33,8,182.0,e
600S137-33,33,10,116.0,e
600S137-33,33,12,78.0,e
600S162-33,33,3,851.0,e
600S162-33,33,4,638.0,e
600S162-33,33,5,510.0,e
600S162-33,33,6,420.0,e
600S162-33,33,8,236.0,e
600S162-33,33,10,151.0,e
600S162-33,33,12,91.0,e
600S200-33,33,3,851.0,e
600S200-33,33,4,638.0,e
600S200-33,33,5,510.0,e
600S200-33,33,6,425.0,e
600S200-33,33,8,251.0,e
600S200-33,33,10,161.0,e
600S200-33,33,12,104.0,e
600S137-43,33,3,1860.0,e
600S137-43,33,4,1046.0,e
600S137-43,33,5,670.0,e
600S137-43,33,6,465.0,e
600S137-43,33,8,262.0,e
600S137-43,33,10,167.0,e
600S137-43,33,12,103.0,e
600S162-43,33,3,1887.0,e
600S162-43,33,4,1357.0,e
600S162-43,33,5,869.0,e
600S162-43,33,6,603.0,e
600S162-43,33,8,339.0,e
600S162-43,33,10,202.0,e
600S162-43,33,12,117.0,e
600S200-43,33,3,1887.0,e
600S200-43,33,4,1415.0,e
600S200-43,33,5,915.0,e
600S200-43,33,6,636.0,e
600S200-43,33,8,358.0,e
600S200-43,33,10,229.0,e
600S200-43,33,12,136.0,e
600S250-43,33,3,1887.0,e
600S250-43,33,4,1415.0,e
600S250-43,33,5,958.0,e
600S250-43,33,6,665.0,e
600S250-43,33,8,374.0,e
600S250-43,33,10,240.0,e
600S250-43,33,12,156.0,e
600S137-54,33,3,2419.0,e
600S137-54,33,4,1361.0,e
600S137-54,33,5,871.0,e
600S137-54,33,6,605.0,e
600S137-54,33,8,340.0,e
600S137-54,33,10,218.0,e
600S137-54,33,12,127.0,
600S137-54,50,3,3393.0,e
600S137-54,50,4,1909.0,e
600S137-54,50,5,1222.0,e
600S137-54,50,6,848.0,e
600S137-54,50,8,430.0,e
600S137-54,50,10,220.0,e
600S137-54,50,12,127.0,
600S162-54,33,3,3119.0,e
600S162-54,33,4,1754.0,e
600S162-54,33,5,1123.0,e
600S162-54,33,6,780.0,e
600S162-54,33,8,439.0,e
600S162-54,33,10,250.0,e
600S162-54,33,12,145.0,e
600S162-54,50,3,3763.0,e
600S162-54,50,4,2299.0,e
600S162-54,50,5,1472.0,e
600S162-54,50,6,1022.0,e
600S162-54,50,8,488.0,e
600S162-54,50,10,250.0,e
600S162-54,50,12,145.0,e
600S200-54,33,3,3550.0,e
600S200-54,33,4,1997.0,e
600S200-54,33,5,1278.0,e
600S200-54,33,6,887.0,e
600S200-54,33,8,499.0,e
600S200-54,33,10,290.0,e
600S200-54,33,12,168.0,e
600S200-54,50,3,3763.0,e
600S200-54,50,4,2514.0,e
600S200-54,50,5,1609.0,e
600S200-54,50,6,1117.0,e
600S200-54,50,8,567.0,e
600S200-54,50,10,290.0,e
600S200-54,50,12,168.0,e
600S250-54,33,3,3364.0,e
600S250-54,33,4,1892.0,e
600S250-54,33,5,1211.0,e
600S250-54,33,6,841.0,e
600S250-54,33,8,473.0,e
600S250-54,33,10,303.0,e
600S250-54,33,12,193.0,e
600S250-54,50,3,3763.0,e
600S250-54,50,4,2630.0,e
600S250-54,50,5,1683.0,e
600S250-54,50,6,1169.0,e
600S250-54,50,8,644.0,e
600S250-54,50,10,330.0,e
600S250-54,50,12,191.0,e
600S137-68,50,3,4540.0,e
600S137-68,50,4,2554.0,e
600S137-68,50,5,1635.0,e
600S137-68,50,6,1135.0,e
600S137-68,50,8,528.0,e
600S137-68,50,10,271.0,e
600S137-68,50,12,157.0,
600S162-68,50,3,5685.0,e
600S162-68,50,4,3198.0,e
600S162-68,50,5,2046.0,e
600S162-68,50,6,1421.0,e
600S162-68,50,8,602.0,e
600S162-68,50,10,308.0,e
600S162-68,50,12,178.0,
600S200-68,50,3,5906.0,e
600S200-68,50,4,3322.0,e
600S200-68,50,5,2126.0,e
600S200-68,50,6,1476.0,e
600S200-68,50,8,700.0,e
600S200-68,50,10,358.0,e
600S200-68,50,12,207.0,e
600S250-68,50,3,6089.0,e
600S250-68,50,4,3425.0,e
600S250-68,50,5,2192.0,e
600S250-68,50,6,1522.0,e
600S250-68,50,8,807.0,e
600S250-68,50,10,413.0,e
600S250-68,50,12,239.0,e
600S137-97,50,3,7480.0,e
600S137-97,50,4,4208.0,e
600S137-97,50,5,2693.0,e
600S137-97,50,6,1696.0,e
600S137-97,50,8,715.0,
600S137-97,50,10,366.0,
600S137-97,50,12,212.0,
600S162-97,50,3,8358.0,e
600S162-97,50,4,4702.0,e
600S162-97,50,5,3009.0,e
600S162-97,50,6,1942.0,e
600S162-97,50,8,819.0,
600S162-97,50,10,420.0,
600S162-97,50,12,243.0,
600S200-97,50,3,9517.0,e
600S200-97,50,4,5353.0,e
600S200-97,50,5,3426.0,e
600S200-97,50,6,2272.0,e
600S200-97,50,8,959.0,e
600S200-97,50,10,491.0,
600S200-97,50,12,284.0,
600S250-97,50,3,9174.0,e
600S250-97,50,4,5160.0,e
600S250-97,50,5,3303.0,e
600S250-97,50,6,2293.0,e
600S250-97,50,8,1110.0,e
600S250-97,50,10,568.0,
600S250-97,50,12,329.0,
600S162-118,50,3,10159.0,e
600S162-118,50,4,5715.0,e
600S162-118,50,5,3657.0,e
600S162-118,50,6,2289.0,e
600S162-118,50,8,966.0,
600S162-118,50,10,495.0,
600S162-118,50,12,286.0,
600S200-118,50,3,11568.0,e
600S200-118,50,4,6507.0,e
600S200-118,50,5,4165.0,e
600S200-118,50,6,2690.0,e
600S200-118,50,8,1135.0,
600S200-118,50,10,581.0,
600S200-118,50,12,336.0,
600S250-118,50,3,11321.0,e
600S250-118,50,4,6368.0,e
600S250-118,50,5,4076.0,e
600S250-118,50,6,2830.0,e
600S250-118,50,8,1318.0,e
600S250-118,50,10,675.0,
600S250-118,50,12,390.0,
800S137-33,33,3,632.0,e
800S137-33,33,4,474.0,e
800S137-33,33,5,379.0,e
800S137-33,33,6,316.0,e
800S137-33,33,8,208.0,e
800S137-33,33,10,133.0,e
800S137-33,33,12,93.0,e
800S162-33,33,3,632.0,e
800S162-33,33,4,474.0,e
800S162-33,33,5,379.0,e
800S162-33,33,6,316.0,e
800S162-33,33,8,237.0,e
800S162-33,33,10,153.0,e
800S162-33,33,12,106.0,e
800S200-33,33,3,632.0,e
800S200-33,33,4,474.0,e
800S200-33,33,5,379.0,e
800S200-33,33,6,316.0,e
800S200-33,33,8,237.0,e
800S200-33,33,10,174.0,e
800S200-33,33,12,121.0,e
800S137-43,33,3,1401.0,e
800S137-43,33,4,1051.0,e
800S137-43,33,5,841.0,e
800S137-43,33,6,641.0,e
800S137-43,33,8,361.0,e
800S137-43,33,10,231.0,e
800S137-43,33,12,160.0,e
800S162-43,33,3,1401.0,e
800S162-43,33,4,1051.0,e
800S162-43,33,5,841.0,e
800S162-43,33,6,701.0,e
800S162-43,33,8,412.0,e
800S162-43,33,10,264.0,e
800S162-43,33,12,183.0,e
800S200-43,33,3,1401.0,e
800S200-43,33,4,1051.0,e
800S200-43,33,5,841.0,e
800S200-43,33,6,701.0,e
800S200-43,33,8,526.0,e
800S200-43,33,10,339.0,e
800S200-43,33,12,236.0,e
800S250-43,33,3,1401.0,e
800S250-43,33,4,1051.0,e
800S250-43,33,5,841.0,e
800S250-43,33,6,701.0,e
800S250-43,33,8,526.0,e
800S250-43,33,10,341.0,e
800S250-43,33,12,237.0,e
800S137-54,33,3,2788.0,e
800S137-54,33,4,1916.0,e
800S137-54,33,5,1226.0,e
800S137-54,33,6,852.0,e
800S137-54,33,8,479.0,e
800S137-54,33,10,307.0,e
800S137-54,33,12,213.0,e
800S137-54,50,3,2788.0,e
800S137-54,50,4,2091.0,e
800S137-54,50,5,1673.0,e
800S137-54,50,6,1173.0,e
800S137-54,50,8,660.0,e
800S137-54,50,10,422.0,e
800S137-54,50,12,252.0,e
800S162-54,33,3,2788.0,e
800S162-54,33,4,2091.0,e
800S162-54,33,5,1391.0,e
800S162-54,33,6,966.0,e
800S162-54,33,8,543.0,e
800S162-54,33,10,348.0,e
800S162-54,33,12,241.0,e
800S162-54,50,3,2788.0,e
800S162-54,50,4,2091.0,e
800S162-54,50,5,1673.0,e
800S162-54,50,6,1336.0,e
800S162-54,50,8,752.0,e
800S162-54,50,10,481.0,e
800S162-54,50,12,284.0,e
800S200-54,33,3,2788.0,e
800S200-54,33,4,2091.0,e
800S200-54,33,5,1673.0,e
800S200-54,33,6,1321.0,e
800S200-54,33,8,743.0,e
800S200-54,33,10,476.0,e
800S200-54,33,12,330.0,e
800S200-54,50,3,2788.0,e
800S200-54,50,4,2091.0,e
800S200-54,50,5,1673.0,e
800S200-54,50,6,1394.0,e
800S200-54,50,8,925.0,e
800S200-54,50,10,575.0,e
800S200-54,50,12,332.0,e
800S250-54,33,3,2788.0,e
800S250-54,33,4,2091.0,e
800S250-54,33,5,1673.0,e
800S250-54,33,6,1246.0,e
800S250-54,33,8,701.0,e
800S250-54,33,10,449.0,e
800S250-54,33,12,312.0,e
800S250-54,50,3,2788.0,e
800S250-54,50,4,2091.0,e
800S250-54,50,5,1673.0,e
800S250-54,50,6,1394.0,e
800S250-54,50,8,929.0,e
800S250-54,50,10,595.0,e
800S250-54,50,12,374.0,e
800S137-68,50,3,5627.0,e
800S137-68,50,4,3621.0,e
800S137-68,50,5,2318.0,e
800S137-68,50,6,1610.0,e
800S137-68,50,8,905.0,e
800S137-68,50,10,550.0,e
800S137-68,50,12,318.0,e
800S162-68,50,3,5627.0,e
800S162-68,50,4,4110.0,e
800S162-68,50,5,2631.0,e
800S162-68,50,6,1827.0,e
800S162-68,50,8,1028.0,e
800S162-68,50,10,618.0,e
800S162-68,50,12,358.0,e
800S200-68,50,3,5627.0,e
800S200-68,50,4,4220.0,e
800S200-68,50,5,3176.0,e
800S200-68,50,6,2205.0,e
800S200-68,50,8,1240.0,e
800S200-68,50,10,712.0,e
800S200-68,50,12,412.0,e
800S250-68,50,3,5627.0,e
800S250-68,50,4,4220.0,e
800S250-68,50,5,3268.0,e
800S250-68,50,6,2270.0,e
800S250-68,50,8,1277.0,e
800S250-68,50,10,809.0,e
800S250-68,50,12,468.0,e
800S137-97,50,3,10850.0,e
800S137-97,50,4,6103.0,e
800S137-97,50,5,3906.0,e
800S137-97,50,6,2712.0,e
800S137-97,50,8,1468.0,e
800S137-97,50,10,752.0,e
800S137-97,50,12,435.0,
800S162-97,50,3,12255.0,e
800S162-97,50,4,6894.0,e
800S162-97,50,5,4412.0,e
800S162-97,50,6,3064.0,e
800S162-97,50,8,1659.0,e
800S162-97,50,10,849.0,e
800S162-97,50,12,491.0,
800S200-97,50,3,14283.0,e
800S200-97,50,4,8034.0,e
800S200-97,50,5,5142.0,e
800S200-97,50,6,3571.0,e
800S200-97,50,8,1913.0,e
800S200-97,50,10,980.0,e
800S200-97,50,12,567.0,
800S250-97,50,3,13603.0,e
800S250-97,50,4,7652.0,e
800S250-97,50,5,4897.0,e
800S250-97,50,6,3401.0,e
800S250-97,50,8,1913.0,e
800S250-97,50,10,1118.0,e
800S250-97,50,12,647.0,e
800S162-118,50,3,15551.0,e
800S162-118,50,4,8748.0,e
800S162-118,50,5,5598.0,e
800S162-118,50,6,3888.0,e
800S162-118,50,8,1965.0,e
800S162-118,50,10,1006.0,e
800S162-118,50,12,582.0,
800S200-118,50,3,17437.0,e
800S200-118,50,4,9808.0,e
800S200-118,50,5,6277.0,e
800S200-118,50,6,4359.0,e
800S200-118,50,8,2274.0,e
800S200-118,50,10,1164.0,e
800S200-118,50,12,674.0,
800S250-118,50,3,16794.0,e
800S250-118,50,4,9447.0,e
800S250-118,50,5,6046.0,e
800S250-118,50,6,4199.0,e
800S250-118,50,8,2362.0,e
800S250-118,50,10,1333.0,e
800S250-118,50,12,771.0,
1000S162-43,33,3,1115.0,e
1000S162-43,33,4,836.0,e
1000S162-43,33,5,669.0,e
1000S162-43,33,6,557.0,e
1000S162-43,33,8,418.0,e
1000S162-43,33,10,280.0,e
1000S162-43,33,12,194.0,e
1000S200-43,33,3,1115.0,e
1000S200-43,33,4,836.0,e
1000S200-43,33,5,669.0,e
1000S200-43,33,6,557.0,e
1000S200-43,33,8,418.0,e
1000S200-43,33,10,317.0,e
1000S200-43,33,12,220.0,e
1000S250-43,33,3,1115.0,e
1000S250-43,33,4,836.0,e
1000S250-43,33,5,669.0,e
1000S250-43,33,6,557.0,e
1000S250-43,33,8,418.0,e
1000S250-43,33,10,334.0,e
1000S250-43,33,12,241.0,e
1000S162-54,33,3,2213.0,e
1000S162-54,33,4,1660.0,e
1000S162-54,33,5,1328.0,e
1000S162-54,33,6,1107.0,e
1000S162-54,33,8,697.0,e
1000S162-54,33,10,446.0,e
1000S162-54,33,12,310.0,e
1000S162-54,50,3,2213.0,e
1000S162-54,50,4,1660.0,e
1000S162-54,50,5,1328.0,e
1000S162-54,50,6,1107.0,e
1000S162-54,50,8,830.0,e
1000S162-54,50,10,611.0,e
1000S162-54,50,12,424.0,e
1000S200-54,33,3,2213.0,e
1000S200-54,33,4,1660.0,e
1000S200-54,33,5,1328.0,e
1000S200-54,33,6,1107.0,e
1000S200-54,33,8,806.0,e
1000S200-54,33,10,516.0,e
1000S200-54,33,12,358.0,e
1000S200-54,50,3,2213.0,e
1000S200-54,50,4,1660.0,e
1000S200-54,50,5,1328.0,e
1000S200-54,50,6,1107.0,e
1000S200-54,50,8,830.0,e
1000S200-54,50,10,663.0,e
1000S200-54,50,12,460.0,e
1000S250-54,33,3,2213.0,e
1000S250-54,33,4,1660.0,e
1000S250-54,33,5,1328.0,e
1000S250-54,33,6,1107.0,e
1000S250-54,33,8,830.0,e
1000S250-54,33,10,594.0,e
1000S250-54,33,12,412.0,e
1000S250-54,50,3,2213.0,e
1000S250-54,50,4,1660.0,e
1000S250-54,50,5,1328.0,e
1000S250-54,50,6,1107.0,e
1000S250-54,50,8,830.0,e
1000S250-54,50,10,664.0,e
1000S250-54,50,12,505.0,e
1000S162-68,50,3,4460.0,e
1000S162-68,50,4,3345.0,e
1000S162-68,50,5,2676.0,e
1000S162-68,50,6,2230.0,e
1000S162-68,50,8,1323.0,e
1000S162-68,50,10,847.0,e
1000S162-68,50,12,588.0,e
1000S200-68,50,3,4460.0,e
1000S200-68,50,4,3345.0,e
1000S200-68,50,5,2676.0,e
1000S200-68,50,6,2230.0,e
1000S200-68,50,8,1490.0,e
1000S200-68,50,10,954.0,e
1000S200-68,50,12,662.0,e
1000S250-68,50,3,4460.0,e
1000S250-68,50,4,3345.0,e
1000S250-68,50,5,2676.0,e
1000S250-68,50,6,2230.0,e
1000S250-68,50,8,1673.0,e
1000S250-68,50,10,1092.0,e
1000S250-68,50,12,759.0,e
1000S162-97,50,3,13149.0,e
1000S162-97,50,4,8120.0,e
1000S162-97,50,5,5197.0,e
1000S162-97,50,6,3609.0,e
1000S162-97,50,8,2030.0,e
1000S162-97,50,10,1299.0,e
1000S162-97,50,12,858.0,e
1000S200-97,50,3,13149.0,e
1000S200-97,50,4,9298.0,e
1000S200-97,50,5,5950.0,e
1000S200-97,50,6,4132.0,e
1000S200-97,50,8,2324.0,e
1000S200-97,50,10,1488.0,e
1000S200-97,50,12,978.0,e
1000S250-97,50,3,13149.0,e
1000S250-97,50,4,9862.0,e
1000S250-97,50,5,6709.0,e
1000S250-97,50,6,4659.0,e
1000S250-97,50,8,2621.0,e
1000S250-97,50,10,1677.0,e
1000S250-97,50,12,1104.0,e
1000S162-118,50,3,19372.0,e
1000S162-118,50,4,10897.0,e
1000S162-118,50,5,6974.0,e
1000S162-118,50,6,4843.0,e
1000S162-118,50,8,2724.0,e
1000S162-118,50,10,1743.0,e
1000S162-118,50,12,1021.0,e
1000S200-118,50,3,21652.0,e
1000S200-118,50,4,12453.0,e
1000S200-118,50,5,7970.0,e
1000S200-118,50,6,5534.0,e
1000S200-118,50,8,3113.0,e
1000S200-118,50,10,1992.0,e
1000S200-118,50,12,1166.0,e
1000S250-118,50,3,21652.0,e
1000S250-118,50,4,12938.0,e
1000S250-118,50,5,8280.0,e
1000S250-118,50,6,5750.0,e
1000S250-118,50,8,3234.0,e
1000S250-118,50,10,2070.0,e
1000S250-118,50,12,1320.0,e
1200S162-54,33,3,1836.0,e
1200S162-54,33,4,1377.0,e
1200S162-54,33,5,1102.0,e
1200S162-54,33,6,918.0,e
1200S162-54,33,8,689.0,e
1200S162-54,33,10,454.0,e
1200S162-54,33,12,315.0,e
1200S162-54,50,3,1836.0,e
1200S162-54,50,4,1377.0,e
1200S162-54,50,5,1102.0,e
1200S162-54,50,6,918.0,e
1200S162-54,50,8,689.0,e
1200S162-54,50,10,551.0,e
1200S162-54,50,12,433.0,e
1200S200-54,33,3,1836.0,e
1200S200-54,33,4,1377.0,e
1200S200-54,33,5,1102.0,e
1200S200-54,33,6,918.0,e
1200S200-54,33,8,689.0,e
1200S200-54,33,10,524.0,e
1200S200-54,33,12,364.0,e
1200S200-54,50,3,1836.0,e
1200S200-54,50,4,1377.0,e
1200S200-54,50,5,1102.0,e
1200S200-54,50,6,918.0,e
1200S200-54,50,8,689.0,e
1200S200-54,50,10,551.0,e
1200S200-54,50,12,459.0,e
1200S250-54,33,3,1836.0,e
1200S250-54,33,4,1377.0,e
1200S250-54,33,5,1102.0,e
1200S250-54,33,6,918.0,e
1200S250-54,33,8,689.0,e
1200S250-54,33,10,534.0,e
1200S250-54,33,12,371.0,e
1200S250-54,50,3,1836.0,e
1200S250-54,50,4,1377.0,e
1200S250-54,50,5,1102.0,e
1200S250-54,50,6,918.0,e
1200S250-54,50,8,689.0,e
1200S250-54,50,10,551.0,e
1200S250-54,50,12,459.0,e
1200S162-68,50,3,3693.0,e
1200S162-68,50,4,2770.0,e
1200S162-68,50,5,2216.0,e
1200S162-68,50,6,1847.0,e
1200S162-68,50,8,1385.0,e
1200S162-68,50,10,1034.0,e
1200S162-68,50,12,718.0,e
1200S200-68,50,3,3693.0,e
1200S200-68,50,4,2770.0,e
1200S200-68,50,5,2216.0,e
1200S200-68,50,6,1847.0,e
1200S200-68,50,8,1385.0,e
1200S200-68,50,10,1108.0,e
1200S200-68,50,12,807.0,e
1200S250-68,50,3,3693.0,e
1200S250-68,50,4,2770.0,e
1200S250-68,50,5,2216.0,e
1200S250-68,50,6,1847.0,e
1200S250-68,50,8,1385.0,e
1200S250-68,50,10,1108.0,e
1200S250-68,50,12,814.0,e
1200S162-97,50,3,10860.0,e
1200S162-97,50,4,8145.0,e
1200S162-97,50,5,6476.0,e
1200S162-97,50,6,4497.0,e
1200S162-97,50,8,2530.0,e
1200S162-97,50,10,1619.0,e
1200S162-97,50,12,1124.0,e
1200S200-97,50,3,10860.0,e
1200S200-97,50,4,8145.0,e
1200S200-97,50,5,6516.0,e
1200S200-97,50,6,5130.0,e
1200S200-97,50,8,2886.0,e
1200S200-97,50,10,1847.0,e
1200S200-97,50,12,1283.0,e
1200S250-97,50,3,10860.0,e
1200S250-97,50,4,8145.0,e
1200S250-97,50,5,6516.0,e
1200S250-97,50,6,5430.0,e
1200S250-97,50,8,3117.0,e
1200S250-97,50,10,1995.0,e
1200S250-97,50,12,1385.0,e
1200S162-118,50,3,19976.0,e
1200S162-118,50,4,12852.0,e
1200S162-118,50,5,8225.0,e
1200S162-118,50,6,5712.0,e
1200S162-118,50,8,3213.0,e
1200S162-118,50,10,2056.0,e
1200S162-118,50,12,1428.0,e
1200S200-118,50,3,19976.0,e
1200S200-118,50,4,14591.0,e
1200S200-118,50,5,9338.0,e
1200S200-118,50,6,6485.0,e
1200S200-118,50,8,3648.0,e
1200S200-118,50,10,2335.0,e
1200S200-118,50,12,1621.0,e
1200S250-118,50,3,19976.0,e
1200S250-118,50,4,14982.0,e
1200S250-118,50,5,10438.0,e
1200S250-118,50,6,7249.0,e
1200S250-118,50,8,4077.0,e
1200S250-118,50,10,2609.0,e
1200S250-118,50,12,1812.0,e
1200S300-118,50,3,19976.0,e
1200S300-118,50,4,14982.0,e
1200S300-118,50,5,11551.0,e
1200S300-118,50,6,8022.0,e
1200S300-118,50,8,4512.0,e
1200S300-118,50,10,2888.0,e
1200S300-118,50,12,2005.0,e
1200S350-118,50,3,19976.0,e
1200S350-118,50,4,14982.0,e
1200S350-118,50,5,11986.0,e
1200S350-118,50,6,9241.0,e
1200S350-118,50,8,5198.0,e
1200S350-118,50,10,3327.0,e
1200S350-118,50,12,2310.0,e
1400S200-54,33,3,1568.0,e
1400S200-54,33,4,1176.0,e
1400S200-54,33,5,941.0,e
1400S200-54,33,6,784.0,e
1400S200-54,33,8,588.0,e
1400S200-54,33,10,470.0,e
1400S200-54,33,12,392.0,e
1400S200-54,50,3,1568.0,e
1400S200-54,50,4,1176.0,e
1400S200-54,50,5,941.0,e
1400S200-54,50,6,784.0,e
1400S200-54,50,8,588.0,e
1400S200-54,50,10,470.0,e
1400S200-54,50,12,392.0,e
1400S250-54,33,3,1568.0,e
1400S250-54,33,4,1176.0,e
1400S250-54,33,5,941.0,e
1400S250-54,33,6,784.0,e
1400S250-54,33,8,588.0,e
1400S250-54,33,10,470.0,e
1400S250-54,33,12,392.0,e
1400S250-54,50,3,1568.0,e
1400S250-54,50,4,1176.0,e
1400S250-54,50,5,941.0,e
1400S250-54,50,6,784.0,e
1400S250-54,50,8,588.0,e
1400S250-54,50,10,470.0,e
1400S250-54,50,12,392.0,e
1400S300-54,33,3,1568.0,e
1400S300-54,33,4,1176.0,e
1400S300-54,33,5,941.0,e
1400S300-54,33,6,784.0,e
1400S300-54,33,8,588.0,e
1400S300-54,33,10,470.0,e
1400S300-54,33,12,392.0,e
1400S300-54,50,3,1568.0,e
1400S300-54,50,4,1176.0,e
1400S300-54,50,5,941.0,e
1400S300-54,50,6,784.0,e
1400S300-54,50,8,588.0,e
1400S300-54,50,10,470.0,e
1400S300-54,50,12,392.0,e
1400S200-68,50,3,3152.0,e
1400S200-68,50,4,2364.0,e
1400S200-68,50,5,1891.0,e
1400S200-68,50,6,1576.0,e
1400S200-68,50,8,1182.0,e
1400S200-68,50,10,946.0,e
1400S200-68,50,12,788.0,e
1400S250-68,50,3,3152.0,e
1400S250-68,50,4,2364.0,e
1400S250-68,50,5,1891.0,e
1400S250-68,50,6,1576.0,e
1400S250-68,50,8,1182.0,e
1400S250-68,50,10,946.0,e
1400S250-68,50,12,788.0,e
1400S300-68,50,3,3152.0,e
1400S300-68,50,4,2364.0,e
1400S300-68,50,5,1891.0,e
1400S300-68,50,6,1576.0,e
1400S300-68,50,8,1182.0,e
1400S300-68,50,10,946.0,e
1400S300-68,50,12,788.0,e
1400S200-97,50,3,9251.0,e
1400S200-97,50,4,6938.0,e
1400S200-97,50,5,5550.0,e
1400S200-97,50,6,4625.0,e
1400S200-97,50,8,3444.0,e
1400S200-97,50,10,2204.0,e
1400S200-97,50,12,1531.0,e
1400S250-97,50,3,9251.0,e
1400S250-97,50,4,6938.0,e
1400S250-97,50,5,5550.0,e
1400S250-97,50,6,4625.0,e
1400S250-97,50,8,3469.0,e
1400S250-97,50,10,2373.0,e
1400S250-97,50,12,1648.0,e
1400S300-97,50,3,9251.0,e
1400S300-97,50,4,6938.0,e
1400S300-97,50,5,5550.0,e
1400S300-97,50,6,4625.0,e
1400S300-97,50,8,3469.0,e
1400S300-97,50,10,2516.0,e
1400S300-97,50,12,1747.0,e
1400S200-118,50,3,16991.0,e
1400S200-118,50,4,12743.0,e
1400S200-118,50,5,10194.0,e
1400S200-118,50,6,7825.0,e
1400S200-118,50,8,4401.0,e
1400S200-118,50,10,2817.0,e
1400S200-118,50,12,1956.0,e
1400S250-118,50,3,16991.0,e
1400S250-118,50,4,12743.0,e
1400S250-118,50,5,10194.0,e
1400S250-118,50,6,8495.0,e
1400S250-118,50,8,4899.0,e
1400S250-118,50,10,3135.0,e
1400S250-118,50,12,2177.0,e
1400S300-118,50,3,16991.0,e
1400S300-118,50,4,12743.0,e
1400S300-118,50,5,10194.0,e
1400S300-118,50,6,8495.0,e
1400S300-118,50,8,5224.0,e
1400S300-118,50,10,3344.0,e
1400S300-118,50,12,2322.0,e
1600S200-68,50,3,2749.0,e
1600S200-68,50,4,2062.0,e
1600S200-68,50,5,1650.0,e
1600S200-68,50,6,1375.0,e
1600S200-68,50,8,1031.0,e
1600S200-68,50,10,825.0,e
1600S200-68,50,12,687.0,e
1600S250-68,50,3,2749.0,e
1600S250-68,50,4,2062.0,e
1600S250-68,50,5,1650.0,e
1600S250-68,50,6,1375.0,e
1600S250-68,50,8,1031.0,e
1600S250-68,50,10,825.0,e
1600S250-68,50,12,687.0,e
1600S300-68,50,3,2749.0,e
1600S300-68,50,4,2062.0,e
1600S300-68,50,5,1650.0,e
1600S300-68,50,6,1375.0,e
1600S300-68,50,8,1031.0,e
1600S300-68,50,10,825.0,e
1600S300-68,50,12,687.0,e
1600S350-68,50,3,2749.0,e
1600S350-68,50,4,2062.0,e
1600S350-68,50,5,1650.0,e
1600S350-68,50,6,1375.0,e
1600S350-68,50,8,1031.0,e
1600S350-68,50,10,825.0,e
1600S350-68,50,12,687.0,e
1600S200-97,50,3,8056.0,e
1600S200-97,50,4,6042.0,e
1600S200-97,50,5,4834.0,e
1600S200-97,50,6,4028.0,e
1600S200-97,50,8,3021.0,e
1600S200-97,50,10,2417.0,e
1600S200-97,50,12,1778.0,e
1600S250-97,50,3,8056.0,e
1600S250-97,50,4,6042.0,e
1600S250-97,50,5,4834.0,e
1600S250-97,50,6,4028.0,e
1600S250-97,50,8,3021.0,e
1600S250-97,50,10,2417.0,e
1600S250-97,50,12,1909.0,e
1600S300-97,50,3,8056.0,e
1600S300-97,50,4,6042.0,e
1600S300-97,50,5,4834.0,e
1600S300-97,50,6,4028.0,e
1600S300-97,50,8,3021.0,e
1600S300-97,50,10,2417.0,e
1600S300-97,50,12,2014.0,e
1600S350-97,50,3,8056.0,e
1600S350-97,50,4,6042.0,e
1600S350-97,50,5,4834.0,e
1600S350-97,50,6,4028.0,e
1600S350-97,50,8,3021.0,e
1600S350-97,50,10,2417.0,e
1600S350-97,50,12,2014.0,e
1600S200-118,50,3,14781.0,e
1600S200-118,50,4,11086.0,e
1600S200-118,50,5,8869.0,e
1600S200-118,50,6,7391.0,e
1600S200-118,50,8,5153.0,e
1600S200-118,50,10,3298.0,e
1600S200-118,50,12,2290.0,e
1600S250-118,50,3,14781.0,e
1600S250-118,50,4,11086.0,e
1600S250-118,50,5,8869.0,e
1600S250-118,50,6,7391.0,e
1600S250-118,50,8,5543.0,e
1600S250-118,50,10,3660.0,e
1600S250-118,50,12,2541.0,e
1600S300-118,50,3,14781.0,e
1600S300-118,50,4,11086.0,e
1600S300-118,50,5,8869.0,e
1600S300-118,50,6,7391.0,e
1600S300-118,50,8,5543.0,e
1600S300-118,50,10,3895.0,e
1600S300-118,50,12,2705.0,e
1600S350-118,50,3,14781.0,e
1600S350-118,50,4,11086.0,e
1600S350-118,50,5,8869.0,e
1600S350-118,50,6,7391.0,e
1600S350-118,50,8,5543.0,e
1600S350-118,50,10,4434.0,e
1600S350-118,50,12,3115.0,e
